time,open,high,low,close,volume,amount1,amount2,flag,timer
2023-10-22 16:00:00,1630.15,1635,1626.12,1627.22,361281,36128.1,58928431.584,0,1697961600000
2023-10-22 15:00:00,1644.99,1645.34,1623.56,1630.15,1358045,135804.5,221739663.848,1,1697958000000
2023-10-22 14:00:00,1641.94,1647.62,1637.1,1645,887050,88705,145770354.67,1,1697954400000
2023-10-22 13:00:00,1634.2,1649.5,1633.37,1641.93,1004894,100489.4,164919430.846,1,1697950800000
2023-10-22 12:00:00,1629.93,1636.45,1629.38,1634.19,467546,46754.6,76358122.646,1,1697947200000
2023-10-22 11:00:00,1625.71,1629.94,1624.04,1629.94,313333,31333.3,50983868.412,1,1697943600000
2023-10-22 10:00:00,1631.16,1631.7,1623.1,1625.71,376053,37605.3,61158787.27,1,1697940000000
2023-10-22 09:00:00,1633.93,1639.56,1626.31,1631.17,560935,56093.5,91574909.252,1,1697936400000
2023-10-22 08:00:00,1628.96,1642.51,1626.28,1634.06,688820,68882,112607008.083,1,1697932800000
2023-10-22 07:00:00,1630.55,1630.63,1625.68,1628.97,198619,19861.9,32325680.592,1,1697929200000
2023-10-22 06:00:00,1628.49,1631.97,1627,1630.55,193948,19394.8,31612250.122,1,1697925600000
2023-10-22 05:00:00,1629.99,1633.27,1627.76,1628.5,202124,20212.4,32947150.112,1,1697922000000
2023-10-22 04:00:00,1635.02,1636.07,1625.5,1630.01,402179,40217.9,65585529.463,1,1697918400000
2023-10-22 03:00:00,1634.79,1636.61,1627.13,1635.01,499805,49980.5,81578270.377,1,1697914800000
2023-10-22 02:00:00,1638.56,1644.84,1628.22,1634.8,1287359,128735.9,210456496.84,1,1697911200000
2023-10-22 01:00:00,1621.16,1639.98,1620.6,1638.47,1389626,138962.6,226915564.987,1,1697907600000
2023-10-22 00:00:00,1628.52,1630,1620,1621.17,992800,99280,161459022.699,1,1697904000000
2023-10-21 23:00:00,1622.03,1629.91,1613.63,1628.54,1401949,140194.9,227351879.652,1,1697900400000
2023-10-21 22:00:00,1613.19,1624.88,1610.18,1622.02,1297173,129717.3,209828814.601,1,1697896800000
2023-10-21 21:00:00,1605.16,1614.27,1601.77,1613.2,662521,66252.1,106570797.912,1,1697893200000
2023-10-21 20:00:00,1608.93,1610.54,1605,1605.17,266221,26622.1,42791615.12,1,1697889600000
2023-10-21 19:00:00,1604.77,1610,1604.77,1608.94,228204,22820.4,36689931.83,1,1697886000000
2023-10-21 18:00:00,1607.12,1608.17,1603.67,1604.76,233498,23349.8,37494152.235,1,1697882400000
2023-10-21 17:00:00,1606,1609.39,1603.18,1607.11,298954,29895.4,48008981.616,1,1697878800000
2023-10-21 16:00:00,1606.39,1608.51,1604.51,1606,296711,29671.1,47675285.268,1,1697875200000
2023-10-21 15:00:00,1603.78,1607.78,1602.41,1606.39,266661,26666.1,42799847.703,1,1697871600000
2023-10-21 14:00:00,1599.63,1605.88,1598.4,1603.78,550511,55051.1,88245452.247,1,1697868000000
2023-10-21 13:00:00,1598.4,1600,1597.55,1599.64,115865,11586.5,18523570.876,1,1697864400000
2023-10-21 12:00:00,1597.59,1600.47,1597.03,1598.39,199086,19908.6,31829288.997,1,1697860800000
2023-10-21 11:00:00,1595.48,1599.35,1592,1597.59,330291,33029.1,52717288.697,1,1697857200000
2023-10-21 10:00:00,1599.61,1599.62,1592.25,1595.48,703193,70319.3,112183055.092,1,1697853600000
2023-10-21 09:00:00,1603.61,1604.85,1598.07,1599.62,310226,31022.6,49682069.142,1,1697850000000
2023-10-21 08:00:00,1603.89,1606.64,1601.63,1603.62,288309,28830.9,46246374.013,1,1697846400000
2023-10-21 07:00:00,1608.1,1610,1602.72,1603.9,339366,33936.6,54486154.33,1,1697842800000
2023-10-21 06:00:00,1607.48,1610,1606.03,1608.11,144649,14464.9,23262692.293,1,1697839200000
2023-10-21 05:00:00,1602.55,1608.67,1601.82,1607.47,162136,16213.6,26037582.743,1,1697835600000
2023-10-21 04:00:00,1606.84,1609.15,1602.23,1602.56,253076,25307.6,40648797.332,1,1697832000000
2023-10-21 03:00:00,1605.95,1608.74,1602.58,1606.84,216425,21642.5,34749423.97,1,1697828400000
2023-10-21 02:00:00,1608.92,1609.77,1605.45,1605.95,222200,22220,35722016.245,1,1697824800000
2023-10-21 01:00:00,1604,1609.57,1597.12,1608.93,579213,57921.3,92896214.206,1,1697821200000
2023-10-21 00:00:00,1605.74,1609.94,1602.8,1604.01,475134,47513.4,76329147.524,1,1697817600000
2023-10-20 23:00:00,1605.33,1609.16,1601.73,1605.74,498332,49833.2,79996478.376,1,1697814000000
2023-10-20 22:00:00,1607.21,1610.85,1598.53,1605.33,1238784,123878.4,198941829.631,1,1697810400000
2023-10-20 21:00:00,1607.01,1609.36,1596.93,1607.22,1089513,108951.3,174782962.067,1,1697806800000
2023-10-20 20:00:00,1613.64,1616.88,1602.16,1607.01,1480584,148058.4,238144644.797,1,1697803200000
2023-10-20 19:00:00,1615.55,1620.14,1612.16,1613.63,845283,84528.3,136643511.744,1,1697799600000
2023-10-20 18:00:00,1618.55,1631.05,1615.02,1615.55,2549744,254974.4,413704212.833,1,1697796000000
2023-10-20 17:00:00,1611.47,1618.63,1606.84,1618.54,1261635,126163.5,203303270.978,1,1697792400000
2023-10-20 16:00:00,1583.62,1622,1583.3,1611.46,3467114,346711.4,556294500.191,1,1697788800000
2023-10-20 15:00:00,1583.68,1589.96,1582.16,1583.61,687078,68707.8,108938716.395,1,1697785200000
2023-10-20 14:00:00,1583.43,1584.74,1579.61,1583.68,326162,32616.2,51614732.402,1,1697781600000
2023-10-20 13:00:00,1582.91,1584.73,1578.58,1583.43,449198,44919.8,71045700.913,1,1697778000000
2023-10-20 12:00:00,1586.69,1588,1581.27,1582.91,694657,69465.7,110028776.657,1,1697774400000
2023-10-20 11:00:00,1585.49,1595.77,1581.05,1586.7,1834963,183496.3,291647058.322,1,1697770800000
2023-10-20 10:00:00,1565.07,1589.27,1564.46,1585.48,2146614,214661.4,339055565.087,1,1697767200000
2023-10-20 09:00:00,1563.5,1565.08,1560.71,1565.08,219388,21938.8,34287587.248,1,1697763600000
2023-10-20 08:00:00,1566.98,1568.55,1562.36,1563.5,319600,31960,50013187.485,1,1697760000000
2023-10-20 07:00:00,1564.32,1567.78,1563.79,1566.97,158590,15859,24830072.862,1,1697756400000
2023-10-20 06:00:00,1563.58,1568.44,1563.5,1564.32,218825,21882.5,34259760.806,1,1697752800000
2023-10-20 05:00:00,1566.51,1567.76,1563.36,1563.59,199948,19994.8,31295088.986,1,1697749200000
2023-10-20 04:00:00,1567.98,1573.25,1563.62,1566.66,594318,59431.8,93252494.759,1,1697745600000
2023-10-20 03:00:00,1561.61,1570,1561.08,1568.01,574920,57492,89951240.738,1,1697742000000
2023-10-20 02:00:00,1562.07,1566,1561.25,1561.6,738853,73885.3,115513569.636,1,1697738400000
2023-10-20 01:00:00,1564.37,1567.81,1559.51,1562.06,701577,70157.7,109702065.52,1,1697734800000
2023-10-20 00:00:00,1560.99,1574.99,1560,1564.36,2006958,200695.8,314530394.131,1,1697731200000
2023-10-19 23:00:00,1561.08,1565.89,1556.4,1560.98,1198503,119850.3,187113421.615,1,1697727600000
2023-10-19 22:00:00,1554.3,1563,1552.82,1561.07,909541,90954.1,141662153.608,1,1697724000000
2023-10-19 21:00:00,1553.16,1560.57,1552.11,1554.29,658002,65800.2,102438011.668,1,1697720400000
2023-10-19 20:00:00,1553.87,1556.92,1550.38,1553.16,692279,69227.9,107569609.066,1,1697716800000
2023-10-19 19:00:00,1552.67,1555.41,1551.36,1553.87,339705,33970.5,52768530.811,1,1697713200000
2023-10-19 18:00:00,1547.74,1554.47,1546.34,1552.64,736881,73688.1,114266262.327,1,1697709600000
2023-10-19 17:00:00,1547.91,1550.92,1540.69,1547.75,954485,95448.5,147610402.454,1,1697706000000
2023-10-19 16:00:00,1551.65,1553.33,1546.33,1547.89,318441,31844.1,49357160.815,1,1697702400000
2023-10-19 15:00:00,1551.27,1552.57,1547.29,1551.66,317599,31759.9,49240916.159,1,1697698800000
2023-10-19 14:00:00,1552.28,1553,1550.21,1551.27,166895,16689.5,25897746.728,1,1697695200000
2023-10-19 13:00:00,1550.3,1553.49,1549.5,1552.29,349707,34970.7,54263691.187,1,1697691600000
2023-10-19 12:00:00,1549.26,1550.44,1545.47,1550.29,283094,28309.4,43828422.67,1,1697688000000
2023-10-19 11:00:00,1547.72,1551.5,1546.91,1549.26,503006,50300.6,77941888.081,1,1697684400000
2023-10-19 10:00:00,1549.49,1551.46,1544.28,1547.72,748154,74815.4,115821436.628,1,1697680800000
2023-10-19 09:00:00,1566.52,1566.99,1540.8,1549.49,1976659,197665.9,306404937.689,1,1697677200000
2023-10-19 08:00:00,1563.71,1567.59,1560.99,1566.52,376531,37653.1,58906120.136,1,1697673600000
2023-10-19 07:00:00,1564.87,1565.27,1559.61,1563.71,255330,25533,39905657.402,1,1697670000000
2023-10-19 06:00:00,1558.92,1566.32,1557.31,1564.88,320555,32055.5,50110308.501,1,1697666400000
2023-10-19 05:00:00,1562.44,1562.45,1555.55,1558.92,377176,37717.6,58791021.836,1,1697662800000
2023-10-19 04:00:00,1563.01,1565.99,1558.16,1562.44,377396,37739.6,58952357.276,1,1697659200000
2023-10-19 03:00:00,1569.21,1569.21,1562.3,1563.02,480219,48021.9,75159538.577,1,1697655600000
2023-10-19 02:00:00,1569.32,1572.87,1568.15,1569.21,222059,22205.9,34880394.619,1,1697652000000
2023-10-19 01:00:00,1570.86,1573.76,1566.67,1569.32,302662,30266.2,47533628.335,1,1697648400000
2023-10-19 00:00:00,1570.02,1575.01,1565.41,1570.86,724655,72465.5,113818629.525,1,1697644800000
2023-10-18 23:00:00,1570.76,1573.46,1568.61,1570.02,361347,36134.7,56771800.438,1,1697641200000
2023-10-18 22:00:00,1573.31,1577.99,1568.35,1570.76,836258,83625.8,131490252.2,1,1697637600000
2023-10-18 21:00:00,1579.09,1580,1571.13,1573.31,657599,65759.9,103592424.546,1,1697634000000
2023-10-18 20:00:00,1578.82,1582,1575.74,1579.08,485846,48584.6,76695449.566,1,1697630400000
2023-10-18 19:00:00,1580.47,1586,1578.37,1578.82,627038,62703.8,99175375.951,1,1697626800000
2023-10-18 18:00:00,1569.29,1582.7,1569,1580.46,897357,89735.7,141537646.051,1,1697623200000
2023-10-18 17:00:00,1577.8,1583.99,1568.34,1569.3,1088200,108820,171779890.754,1,1697619600000
2023-10-18 16:00:00,1572.18,1577.98,1571.21,1577.8,442481,44248.1,69675381.434,1,1697616000000
2023-10-18 15:00:00,1572.21,1576.44,1566.1,1572.17,751571,75157.1,118081621.782,1,1697612400000
2023-10-18 14:00:00,1572.82,1574.89,1570,1572.22,319042,31904.2,50165877.613,1,1697608800000
2023-10-18 13:00:00,1572.96,1576.58,1569.58,1572.82,958123,95812.3,150715310.502,1,1697605200000
2023-10-18 12:00:00,1568.18,1582.7,1566.65,1572.95,1273929,127392.9,200774047.234,1,1697601600000
2023-10-18 11:00:00,1567.6,1568.6,1563.37,1568.19,315007,31500.7,49319687.326,1,1697598000000
2023-10-18 10:00:00,1567.87,1572.28,1565.5,1567.61,435523,43552.3,68329775.174,1,1697594400000
2023-10-18 09:00:00,1564.5,1569.4,1563.77,1567.83,330348,33034.8,51771103.754,1,1697590800000
2023-10-18 08:00:00,1564.69,1567.5,1562.03,1564.5,345922,34592.2,54133103.308,1,1697587200000
2023-10-18 07:00:00,1562.5,1566.21,1561.5,1564.7,188763,18876.3,29532022.54,1,1697583600000
2023-10-18 06:00:00,1562.12,1564.29,1559.07,1562.5,212366,21236.6,33163646.867,1,1697580000000
2023-10-18 05:00:00,1560.1,1565.7,1557.02,1562.13,227927,22792.7,35605523.655,1,1697576400000
2023-10-18 04:00:00,1564.23,1565.7,1559.55,1560.09,273539,27353.9,42757916.994,1,1697572800000
2023-10-18 03:00:00,1553.36,1564.48,1552.68,1564.24,535646,53564.6,83498152.714,1,1697569200000
2023-10-18 02:00:00,1568.1,1569.9,1550,1553.43,1269628,126962.8,197811931.156,1,1697565600000
2023-10-18 01:00:00,1576.34,1576.56,1563.89,1568.11,882918,88291.8,138561464.203,1,1697562000000
2023-10-18 00:00:00,1575.5,1580.66,1574.55,1576.33,338688,33868.8,53439398.265,1,1697558400000
2023-10-17 23:00:00,1573.17,1578.87,1572.34,1575.51,537036,53703.6,84645677.668,1,1697554800000
2023-10-17 22:00:00,1571.9,1578.48,1570.68,1573.17,889949,88994.9,140105666.612,1,1697551200000
2023-10-17 21:00:00,1574.17,1579.3,1563.78,1571.9,1969947,196994.7,309578949.866,1,1697547600000
2023-10-17 20:00:00,1584.71,1586.33,1573.47,1574.18,1191216,119121.6,188081729.011,1,1697544000000
2023-10-17 19:00:00,1586.5,1586.74,1583.44,1584.71,283021,28302.1,44853701.675,1,1697540400000
2023-10-17 18:00:00,1590.37,1594.21,1582.81,1586.5,654969,65496.9,103998350.306,1,1697536800000
2023-10-17 17:00:00,1588.65,1591.04,1586.54,1590.36,255284,25528.4,40566006.926,1,1697533200000
2023-10-17 16:00:00,1590.65,1593.38,1584.55,1588.66,602128,60212.8,95645380.073,1,1697529600000
2023-10-17 15:00:00,1586.01,1592.65,1582.35,1590.64,603992,60399.2,95917315.503,1,1697526000000
2023-10-17 14:00:00,1587.76,1587.76,1583.27,1586.01,276781,27678.1,43879595.097,1,1697522400000
2023-10-17 13:00:00,1588.83,1590.51,1585.26,1587.76,253340,25334,40217499.496,1,1697518800000
2023-10-17 12:00:00,1589.59,1590.29,1583.1,1588.83,689107,68910.7,109358413.752,1,1697515200000
2023-10-17 11:00:00,1596.06,1596.06,1588.35,1589.58,337685,33768.5,53748561.41,1,1697511600000
2023-10-17 10:00:00,1594.24,1596.2,1589.6,1596.06,335498,33549.8,53451349.063,1,1697508000000
2023-10-17 09:00:00,1592.07,1598.44,1591.52,1594.25,393836,39383.6,62810486.782,1,1697504400000
2023-10-17 08:00:00,1599.29,1600.73,1591.36,1592.06,576799,57679.9,92064145.036,1,1697500800000
2023-10-17 07:00:00,1601.65,1604.76,1598.75,1599.29,443298,44329.8,70976983.093,1,1697497200000
2023-10-17 06:00:00,1589.58,1605.53,1589.57,1601.66,689699,68969.9,110268559.231,1,1697493600000
2023-10-17 05:00:00,1587.24,1591.22,1576.83,1589.58,599374,59937.4,94927657.153,1,1697490000000
2023-10-17 04:00:00,1589.75,1595.05,1584.76,1587.24,590893,59089.3,93975495.89,1,1697486400000
2023-10-17 03:00:00,1589.26,1602.5,1585.88,1589.74,1440491,144049.1,229659214.66,1,1697482800000
2023-10-17 02:00:00,1578.82,1590.1,1578.65,1589.26,781929,78192.9,123850402.641,1,1697479200000
2023-10-17 01:00:00,1578.17,1582.01,1572.76,1578.83,489744,48974.4,77231696.775,1,1697475600000
2023-10-17 00:00:00,1577.9,1580.36,1575,1578.18,467744,46774.4,73789151.77,1,1697472000000
2023-10-16 23:00:00,1586.69,1588.21,1576.05,1577.9,935309,93530.9,147857283.66,1,1697468400000
2023-10-16 22:00:00,1579.62,1589.57,1573.6,1586.67,1832667,183266.7,290020567.067,1,1697464800000
2023-10-16 21:00:00,1587.39,1645,1565,1579.62,12351095,1235109.5,1983179974.891,1,1697461200000
2023-10-16 20:00:00,1582.75,1587.95,1580.86,1587.39,459986,45998.6,72901701.23,1,1697457600000
2023-10-16 19:00:00,1585.4,1585.92,1579.75,1582.74,360765,36076.5,57116393.291,1,1697454000000
2023-10-16 18:00:00,1584.34,1587.5,1581,1585.4,643137,64313.7,101914307.733,1,1697450400000
2023-10-16 17:00:00,1581.12,1584.79,1575,1584.33,893042,89304.2,140992604.016,1,1697446800000
2023-10-16 16:00:00,1579.03,1585.55,1579.03,1581.12,459165,45916.5,72665719.873,1,1697443200000
2023-10-16 15:00:00,1578.35,1581.96,1577.6,1579.02,422488,42248.8,66734894.754,1,1697439600000
2023-10-16 14:00:00,1585.26,1588,1577.28,1578.36,960275,96027.5,151927296.238,1,1697436000000
2023-10-16 13:00:00,1562.39,1589.49,1562.38,1585.27,4312747,431274.7,681342992.998,1,1697432400000
2023-10-16 12:00:00,1562.9,1563.6,1560.59,1562.38,155912,15591.2,24355377.726,1,1697428800000
2023-10-16 11:00:00,1562.11,1563,1560.54,1562.89,159891,15989.1,24974155.567,1,1697425200000
2023-10-16 10:00:00,1563,1567,1561.07,1562.11,444468,44446.8,69512211.826,1,1697421600000
2023-10-16 09:00:00,1556.35,1565.49,1556.35,1562.97,496807,49680.7,77620682.292,1,1697418000000
2023-10-16 08:00:00,1557.85,1559.9,1554.92,1556.36,294202,29420.2,45829348.345,1,1697414400000
2023-10-16 07:00:00,1555.01,1557.85,1553.11,1557.85,288326,28832.6,44836722.561,1,1697410800000
2023-10-16 06:00:00,1560.2,1566.55,1552.03,1555,784894,78489.4,122321358.7,1,1697407200000
2023-10-16 05:00:00,1563.99,1565,1556.71,1560.2,412112,41211.2,64285213.186,1,1697403600000
2023-10-16 04:00:00,1560.49,1567.29,1559,1563.99,479732,47973.2,75023794.509,1,1697400000000
2023-10-16 03:00:00,1564.98,1565.35,1558.34,1560.49,267622,26762.2,41779253.83,1,1697396400000
2023-10-16 02:00:00,1557.71,1565.51,1556.56,1564.98,542386,54238.6,84715308.718,1,1697392800000
2023-10-16 01:00:00,1555.62,1557.83,1554.81,1557.7,216227,21622.7,33654315.008,1,1697389200000
2023-10-16 00:00:00,1553.82,1556.18,1550.07,1555.57,312507,31250.7,48551080.808,1,1697385600000
2023-10-15 23:00:00,1552.85,1555.18,1551.3,1553.81,158313,15831.3,24594581.573,1,1697382000000
2023-10-15 22:00:00,1552.2,1556.76,1551.55,1552.85,212368,21236.8,33004829.014,1,1697378400000
2023-10-15 21:00:00,1553.5,1560.98,1548.5,1552.2,1087587,108758.7,169034098.746,1,1697374800000
2023-10-15 20:00:00,1555.6,1555.75,1552.69,1553.5,232651,23265.1,36163955.26,1,1697371200000
2023-10-15 19:00:00,1557.73,1557.73,1553.6,1555.6,227579,22757.9,35401232.01,1,1697367600000
2023-10-15 18:00:00,1557.49,1559.38,1556.84,1557.72,110806,11080.6,17262042.654,1,1697364000000
2023-10-15 17:00:00,1557.55,1560.44,1556.78,1557.47,256247,25624.7,39934214.012,1,1697360400000
2023-10-15 16:00:00,1555.37,1558.43,1554.65,1557.54,225832,22583.2,35151947.664,1,1697356800000
2023-10-15 15:00:00,1553.98,1555.38,1553.1,1555.38,68565,6856.5,10654927.867,1,1697353200000
2023-10-15 14:00:00,1553.41,1554.18,1552.39,1553.98,75434,7543.4,11717038.612,1,1697349600000
2023-10-15 13:00:00,1554.64,1555.16,1553.13,1553.43,64543,6454.3,10029262.134,1,1697346000000
2023-10-15 12:00:00,1554.4,1554.92,1552.49,1554.65,129451,12945.1,20113937.607,1,1697342400000
2023-10-15 11:00:00,1555.5,1556.16,1554.18,1554.4,87807,8780.7,13656050.918,1,1697338800000
2023-10-15 10:00:00,1555.66,1557.46,1553.83,1555.5,151117,15111.7,23504979.008,1,1697335200000
2023-10-15 09:00:00,1552.49,1558.4,1551.32,1555.57,304883,30488.3,47417990.785,1,1697331600000
2023-10-15 08:00:00,1554.77,1556,1549.25,1552.5,290656,29065.6,45111794.512,1,1697328000000
2023-10-15 07:00:00,1556.53,1557.83,1554.77,1554.77,93557,9355.7,14561177.651,1,1697324400000
2023-10-15 06:00:00,1555.05,1556.8,1554.28,1556.53,93530,9353,14548059.237,1,1697320800000
2023-10-15 05:00:00,1555.7,1562.99,1553.39,1555.05,433920,43392,67625832.278,1,1697317200000
2023-10-15 04:00:00,1555.25,1555.71,1553.28,1555.71,91927,9192.7,14292459.397,1,1697313600000
2023-10-15 03:00:00,1554.5,1556.27,1553.58,1555.25,106202,10620.2,16514860.991,1,1697310000000
2023-10-15 02:00:00,1554.3,1555.24,1553.34,1554.5,112720,11272,17518177.336,1,1697306400000
2023-10-15 01:00:00,1555.85,1557.15,1553.64,1554.31,153663,15366.3,23899962.14,1,1697302800000
2023-10-15 00:00:00,1556.02,1558.64,1552.4,1555.84,587086,58708.6,91336265.898,1,1697299200000
2023-10-14 23:00:00,1549.29,1558.44,1549.28,1556.01,493350,49335,76668683.058,1,1697295600000
2023-10-14 22:00:00,1551.59,1552.8,1548.73,1549.29,179577,17957.7,27844178.624,1,1697292000000
2023-10-14 21:00:00,1550.59,1552.93,1549.55,1551.59,271099,27109.9,42050081.344,1,1697288400000
2023-10-14 20:00:00,1547.36,1550.86,1546.18,1550.6,257053,25705.3,39811138.6,1,1697284800000
2023-10-14 19:00:00,1548.48,1548.67,1543.72,1547.35,276876,27687.6,42806312.602,1,1697281200000
2023-10-14 18:00:00,1547.98,1549.36,1547.73,1548.48,106932,10693.2,16558774.272,1,1697277600000
2023-10-14 17:00:00,1547.99,1549.79,1547.32,1547.98,177367,17736.7,27464033.773,1,1697274000000
2023-10-14 16:00:00,1548.14,1548.81,1546,1548,185071,18507.1,28636413.423,1,1697270400000
2023-10-14 15:00:00,1546.53,1548.33,1545.37,1548.08,223014,22301.4,34502338.659,1,1697266800000
2023-10-14 14:00:00,1550.54,1551.07,1546.33,1546.53,360453,36045.3,55802014.804,1,1697263200000
2023-10-14 13:00:00,1552.7,1553.91,1549.37,1550.53,183182,18318.2,28419270.838,1,1697259600000
2023-10-14 12:00:00,1553.8,1555.15,1552.29,1552.7,132404,13240.4,20575785.067,1,1697256000000
2023-10-14 11:00:00,1554.33,1555.76,1552.59,1553.8,197629,19762.9,30715540.123,1,1697252400000
2023-10-14 10:00:00,1555.19,1556.74,1552.29,1554.33,362010,36201,56271628.794,1,1697248800000
2023-10-14 09:00:00,1552.99,1556.45,1549.28,1555.19,275564,27556.4,42790890.178,1,1697245200000
2023-10-14 08:00:00,1552.29,1554.59,1551.3,1552.99,212496,21249.6,33004417.853,1,1697241600000
2023-10-14 07:00:00,1549.4,1552.49,1546.74,1552.28,387284,38728.4,60013424.988,1,1697238000000
2023-10-14 06:00:00,1559.13,1563.09,1545.33,1549.4,690230,69023,107225341.329,1,1697234400000
2023-10-14 05:00:00,1559.57,1576.8,1554.59,1559.12,1973234,197323.4,309140404.702,1,1697230800000
2023-10-14 04:00:00,1545.87,1564.6,1543.6,1559.72,1200814,120081.4,186770024.652,1,1697227200000
2023-10-14 03:00:00,1543.56,1545.88,1541.35,1545.87,118173,11817.3,18247688.818,1,1697223600000
2023-10-14 02:00:00,1544.65,1545.79,1542.08,1543.55,152777,15277.7,23591272.502,1,1697220000000
2023-10-14 01:00:00,1548.45,1548.78,1541.01,1544.65,397767,39776.7,61440414.725,1,1697216400000
2023-10-14 00:00:00,1539.38,1549.36,1539.15,1548.44,669835,66983.5,103487815.413,1,1697212800000
2023-10-13 23:00:00,1541.56,1544.06,1537.38,1539.39,815832,81583.2,125654570.029,1,1697209200000
2023-10-13 22:00:00,1549.25,1549.38,1540.34,1541.56,696726,69672.6,107596674.81,1,1697205600000
2023-10-13 21:00:00,1553.26,1553.73,1547.41,1549.19,476911,47691.1,73931351.637,1,1697202000000
2023-10-13 20:00:00,1546.76,1553.64,1543.16,1553.32,712700,71270,110444523.8,1,1697198400000
2023-10-13 19:00:00,1545.22,1548.98,1544.88,1546.75,320937,32093.7,49646686.95,1,1697194800000
2023-10-13 18:00:00,1543.66,1546.1,1543.5,1545.22,239802,23980.2,37049991.288,1,1697191200000
2023-10-13 17:00:00,1547.91,1550.64,1542.67,1543.65,603459,60345.9,93329256.124,1,1697187600000
2023-10-13 16:00:00,1549.3,1552.52,1547.2,1547.92,503225,50322.5,78003228.662,1,1697184000000
2023-10-13 15:00:00,1540.11,1555.27,1540.11,1549.29,1553805,155380.5,240686700.394,1,1697180400000
2023-10-13 14:00:00,1541.3,1542.26,1539.43,1540.11,192070,19207,29587546.283,1,1697176800000
2023-10-13 13:00:00,1541.86,1544.45,1540,1541.29,224104,22410.4,34562668.558,1,1697173200000
2023-10-13 12:00:00,1538.8,1541.84,1538.43,1541.84,268047,26804.7,41282532.57,1,1697169600000
2023-10-13 11:00:00,1542.76,1543.4,1537.71,1538.8,366507,36650.7,56434986.462,1,1697166000000
2023-10-13 10:00:00,1543.17,1544.87,1540.55,1542.76,217453,21745.3,33540096.024,1,1697162400000
2023-10-13 09:00:00,1544.36,1547.97,1541.76,1543.17,395317,39531.7,61039209.871,1,1697158800000
2023-10-13 08:00:00,1539.61,1546.8,1538.2,1544.35,714890,71489,110306132.953,1,1697155200000
2023-10-13 07:00:00,1539.94,1540.34,1535.62,1539.6,239459,23945.9,36839808.584,1,1697151600000
2023-10-13 06:00:00,1537.73,1540.64,1536.58,1539.98,227157,22715.7,34948386.163,1,1697148000000
2023-10-13 05:00:00,1536.59,1538.76,1533.54,1537.73,197103,19710.3,30279606.598,1,1697144400000
2023-10-13 04:00:00,1531.35,1536.58,1530.43,1536.58,281513,28151.3,43180999.054,1,1697140800000
2023-10-13 03:00:00,1530.7,1534.8,1527.1,1531.35,361984,36198.4,55439625.178,1,1697137200000
2023-10-13 02:00:00,1530.07,1535.6,1526.59,1530.7,583030,58303,89290234.873,1,1697133600000
2023-10-13 01:00:00,1528.82,1531.53,1521.1,1530.3,1369513,136951.3,209061104.802,1,1697130000000
2023-10-13 00:00:00,1541.64,1545.2,1516.11,1528.82,3664326,366432.6,561150544.817,1,1697126400000
2023-10-12 23:00:00,1544.25,1546.98,1539.25,1541.63,604018,60401.8,93186188.69,1,1697122800000
2023-10-12 22:00:00,1547.01,1549.53,1538,1544.25,958674,95867.4,147990424.203,1,1697119200000
2023-10-12 21:00:00,1549.77,1553.33,1540.98,1547.16,966284,96628.4,149393907.288,1,1697115600000
2023-10-12 20:00:00,1552.07,1554.38,1545.13,1549.78,1199425,119942.5,185885796.85,1,1697112000000
2023-10-12 19:00:00,1546.55,1555.84,1545.48,1552.07,728078,72807.8,112882449.137,1,1697108400000
2023-10-12 18:00:00,1541.79,1549.81,1539.42,1546.55,1230177,123017.7,190028699.212,1,1697104800000
2023-10-12 17:00:00,1557.83,1559.1,1533.69,1541.8,2694344,269434.4,416637376.346,1,1697101200000
2023-10-12 16:00:00,1559.23,1561.2,1556.65,1557.83,379813,37981.3,59200745.949,1,1697097600000
2023-10-12 15:00:00,1562.61,1564.13,1558.55,1559.23,362547,36254.7,56597337.656,1,1697094000000
2023-10-12 14:00:00,1564.82,1566.98,1562.56,1562.61,313842,31384.2,49108678.052,1,1697090400000
2023-10-12 13:00:00,1561.07,1564.83,1557.49,1564.83,325794,32579.4,50852025.216,1,1697086800000
2023-10-12 12:00:00,1561.81,1563.55,1560.85,1561.07,192260,19226,30035304.052,1,1697083200000
2023-10-12 11:00:00,1565.49,1565.95,1560.15,1561.8,281060,28106,43913486.18,1,1697079600000
2023-10-12 10:00:00,1559.02,1568.99,1556,1565.5,519244,51924.4,81159254.229,1,1697076000000
2023-10-12 09:00:00,1561.39,1561.92,1557.33,1559.03,360666,36066.6,56237682.489,1,1697072400000
2023-10-12 08:00:00,1566.78,1566.89,1559.34,1561.38,384091,38409.1,60017164.139,1,1697068800000
2023-10-12 07:00:00,1565.7,1567.23,1564.1,1566.77,174871,17487.1,27375980.906,1,1697065200000
2023-10-12 06:00:00,1566,1569.68,1564.59,1565.69,263711,26371.1,41322030.462,1,1697061600000
2023-10-12 05:00:00,1564.06,1567.27,1562.22,1566,200697,20069.7,31401336.223,1,1697058000000
2023-10-12 04:00:00,1562.87,1564.72,1561.06,1564.06,257052,25705.2,40169556.322,1,1697054400000
2023-10-12 03:00:00,1558.33,1566.97,1557.25,1562.87,489565,48956.5,76473845.038,1,1697050800000
2023-10-12 02:00:00,1553.44,1559.53,1548.55,1558.34,576323,57632.3,89525592.718,1,1697047200000
2023-10-12 01:00:00,1553.8,1560.25,1549.01,1553.44,760039,76003.9,118176319.987,1,1697043600000
2023-10-12 00:00:00,1559.57,1561.81,1550.77,1553.79,1518303,151830.3,236324954.636,1,1697040000000
2023-10-11 23:00:00,1571,1572.9,1553.63,1559.57,2235299,223529.9,348774366.354,1,1697036400000
2023-10-11 22:00:00,1574.16,1576.7,1568.03,1571,579257,57925.7,91028587.728,1,1697032800000
2023-10-11 21:00:00,1572.77,1574.27,1566.35,1574.16,650586,65058.6,102170166.182,1,1697029200000
2023-10-11 20:00:00,1572.93,1577,1565.29,1572.78,1186121,118612.1,186324334.136,1,1697025600000
2023-10-11 19:00:00,1576.35,1578.76,1571.56,1572.93,484277,48427.7,76253792.773,1,1697022000000
2023-10-11 18:00:00,1576.49,1578.98,1572.77,1576.35,687497,68749.7,108332948.663,1,1697018400000
2023-10-11 17:00:00,1564.49,1578.71,1563,1576.45,1834922,183492.2,288401247.512,1,1697014800000
2023-10-11 16:00:00,1557.01,1564.59,1556.09,1564.49,615261,61526.1,96039481.901,1,1697011200000
2023-10-11 15:00:00,1556.12,1559.86,1553.83,1557,425350,42535,66231233.409,1,1697007600000
2023-10-11 14:00:00,1557.14,1557.76,1547.34,1556.11,647283,64728.3,100516385.697,1,1697004000000
2023-10-11 13:00:00,1560,1560,1551,1557.14,628623,62862.3,97810037.913,1,1697000400000
2023-10-11 12:00:00,1556.36,1561.59,1555.14,1560,434659,43465.9,67781716.584,1,1696996800000
2023-10-11 11:00:00,1559.39,1561.99,1555.48,1556.34,646841,64684.1,100821581.568,1,1696993200000
2023-10-11 10:00:00,1573.73,1575.1,1540.86,1559.39,2476064,247606.4,385489223.323,1,1696989600000
2023-10-11 09:00:00,1574.24,1576,1570.7,1573.73,306398,30639.8,48197106.887,1,1696986000000
2023-10-11 08:00:00,1567.92,1575.93,1567.2,1574.25,497753,49775.3,78207030.538,1,1696982400000
2023-10-11 07:00:00,1568.35,1570.7,1567,1567.94,222298,22229.8,34873135.959,1,1696978800000
2023-10-11 06:00:00,1565.58,1569.82,1565.57,1568.36,182101,18210.1,28554101.959,1,1696975200000
2023-10-11 05:00:00,1560.25,1568.41,1559.11,1565.59,355256,35525.6,55555656.228,1,1696971600000
2023-10-11 04:00:00,1565.94,1567.82,1547.33,1560.25,1058047,105804.7,164679552.063,1,1696968000000
2023-10-11 03:00:00,1566.01,1569.22,1561.19,1565.95,639413,63941.3,100101514.289,1,1696964400000
2023-10-11 02:00:00,1562.54,1566.45,1560.2,1566,415644,41564.4,64986114.777,1,1696960800000
2023-10-11 01:00:00,1565.94,1567.18,1557.03,1562.53,1044312,104431.2,163009762.281,1,1696957200000
2023-10-11 00:00:00,1567.69,1573.06,1558.23,1565.94,1693128,169312.8,265153550.684,1,1696953600000
2023-10-10 23:00:00,1571.8,1574.89,1563.11,1567.7,1534057,153405.7,240664560.549,1,1696950000000
2023-10-10 22:00:00,1575.11,1588.8,1564,1571.81,2348841,234884.1,370416603.98,1,1696946400000
2023-10-10 21:00:00,1574.55,1579,1571.35,1575.11,848818,84881.8,133678220.963,1,1696942800000
2023-10-10 20:00:00,1579.39,1583.78,1571.68,1574.56,1040578,104057.8,164189407.741,1,1696939200000
2023-10-10 19:00:00,1586.03,1587.86,1577.64,1579.45,821785,82178.5,130051335.814,1,1696935600000
2023-10-10 18:00:00,1589.29,1590.71,1582,1586.03,659365,65936.5,104595738.901,1,1696932000000
2023-10-10 17:00:00,1589.61,1590.13,1587.66,1589.29,362541,36254.1,57605326.132,1,1696928400000
2023-10-10 16:00:00,1590.2,1594.98,1589.38,1589.61,462536,46253.6,73621497.804,1,1696924800000
2023-10-10 15:00:00,1590.05,1594.24,1589.36,1590.2,727202,72720.2,115751776.2,1,1696921200000
2023-10-10 14:00:00,1586.37,1590.32,1586.02,1590.05,305002,30500.2,48438443.17,1,1696917600000
2023-10-10 13:00:00,1583.81,1587,1582.61,1586.37,236374,23637.4,37456137.369,1,1696914000000
2023-10-10 12:00:00,1584.87,1585.53,1583.11,1583.82,250114,25011.4,39623692.692,1,1696910400000
2023-10-10 11:00:00,1590.06,1590.66,1584.71,1584.91,373818,37381.8,59315868.828,1,1696906800000
2023-10-10 10:00:00,1579.61,1594.59,1578.22,1590.05,816877,81687.7,129603943.471,1,1696903200000
2023-10-10 09:00:00,1577.93,1581.3,1576.06,1579.6,247492,24749.2,39063935.765,1,1696899600000
2023-10-10 08:00:00,1580.01,1583.63,1577.17,1577.94,423270,42327,66909310.061,1,1696896000000
2023-10-10 07:00:00,1576.8,1581,1576.8,1580.1,178114,17811.4,28127268.741,1,1696892400000
2023-10-10 06:00:00,1579.38,1581.38,1576.6,1576.8,165305,16530.5,26099150.377,1,1696888800000
2023-10-10 05:00:00,1575.92,1581.28,1571.93,1579.37,340559,34055.9,53697525.688,1,1696885200000
2023-10-10 04:00:00,1581.48,1583.75,1575.71,1575.93,226034,22603.4,35702864.542,1,1696881600000
2023-10-10 03:00:00,1577.4,1582.94,1576.36,1581.38,304403,30440.3,48082723.12,1,1696878000000
2023-10-10 02:00:00,1580.35,1586.9,1577.05,1577.39,1013588,101358.8,160257421.415,1,1696874400000
2023-10-10 01:00:00,1569.29,1580.56,1565.1,1580.34,1244664,124466.4,195795976.774,1,1696870800000
2023-10-10 00:00:00,1586.12,1587.24,1543.11,1569.28,8654574,865457.4,1356360244.812,1,1696867200000
2023-10-09 23:00:00,1590.99,1593,1585.11,1586.12,650584,65058.4,103361610.674,1,1696863600000
2023-10-09 22:00:00,1594.2,1598.13,1589.21,1591,582852,58285.2,92886683.877,1,1696860000000
2023-10-09 21:00:00,1587.03,1595.39,1585.12,1594.19,768246,76824.6,122234819.271,1,1696856400000
2023-10-09 20:00:00,1591.01,1594,1583.1,1587.04,1276956,127695.6,202902174.104,1,1696852800000
2023-10-09 19:00:00,1595.51,1595.56,1586.01,1591,1196910,119691,190454746.454,1,1696849200000
2023-10-09 18:00:00,1592.17,1598.75,1591,1595.51,1227599,122759.9,195835971.733,1,1696845600000
2023-10-09 17:00:00,1614.7,1618.66,1580,1592.18,4642205,464220.5,742523048.924,1,1696842000000
2023-10-09 16:00:00,1620.97,1622.21,1612,1614.71,1261469,126146.9,204024299.9,1,1696838400000
2023-10-09 15:00:00,1628.59,1628.6,1617.13,1620.97,1048046,104804.6,169957213.795,1,1696834800000
2023-10-09 14:00:00,1628.5,1630.22,1627.61,1628.6,246927,24692.7,40224326.286,1,1696831200000
2023-10-09 13:00:00,1632.52,1633.52,1628.16,1628.5,243528,24352.8,39711123.376,1,1696827600000
2023-10-09 12:00:00,1633.97,1635.22,1632.24,1632.52,131658,13165.8,21512681.059,1,1696824000000
2023-10-09 11:00:00,1631.73,1636.62,1631.72,1633.97,271619,27161.9,44389876.492,1,1696820400000
2023-10-09 10:00:00,1631.51,1633.5,1630.13,1631.72,253540,25354,41385213.98,1,1696816800000
2023-10-09 09:00:00,1626.63,1634.27,1623.6,1631.51,523160,52316,85171241.595,1,1696813200000
2023-10-09 08:00:00,1632.83,1633.47,1625,1626.6,367636,36763.6,59851739.844,1,1696809600000
2023-10-09 07:00:00,1630.91,1633.5,1630.15,1632.83,147369,14736.9,24048155.49,1,1696806000000
2023-10-09 06:00:00,1632.79,1633.89,1626.98,1630.91,346716,34671.6,56524175.544,1,1696802400000
2023-10-09 05:00:00,1636.18,1638.4,1632.55,1632.7,122164,12216.4,19987210.28,1,1696798800000
2023-10-09 04:00:00,1635.66,1637.79,1633.95,1636.28,109335,10933.5,17880378.729,1,1696795200000
2023-10-09 03:00:00,1635.87,1639.5,1634.69,1635.66,182071,18207.1,29802288.93,1,1696791600000
2023-10-09 02:00:00,1632.01,1635.96,1629.5,1635.86,174394,17439.4,28462136.626,1,1696788000000
2023-10-09 01:00:00,1633,1637.74,1631.33,1632.04,244148,24414.8,39894228.148,1,1696784400000
2023-10-09 00:00:00,1631.28,1634.8,1629.09,1632.99,363827,36382.7,59372280.603,1,1696780800000
2023-10-08 23:00:00,1633.44,1633.99,1630.39,1631.27,228186,22818.6,37242587.776,1,1696777200000
2023-10-08 22:00:00,1629.46,1637.77,1625.5,1633.43,774453,77445.3,126334278.304,1,1696773600000
2023-10-08 21:00:00,1621,1635.36,1618.29,1629.46,1389730,138973,226302862.222,1,1696770000000
2023-10-08 20:00:00,1617.87,1624.81,1616.79,1621,400081,40008.1,64886554.973,1,1696766400000
2023-10-08 19:00:00,1619.06,1621.48,1617,1617.87,408594,40859.4,66149224.434,1,1696762800000
2023-10-08 18:00:00,1624.99,1625.94,1616.06,1619.06,778243,77824.3,126124700.924,1,1696759200000
2023-10-08 17:00:00,1628.75,1629.8,1622.21,1624.99,602086,60208.6,97843262.857,1,1696755600000
2023-10-08 16:00:00,1628.93,1629.79,1624.61,1628.75,311558,31155.8,50711788.278,1,1696752000000
2023-10-08 15:00:00,1628.01,1629.88,1627.14,1628.92,189689,18968.9,30890989.112,1,1696748400000
2023-10-08 14:00:00,1629.41,1631,1627.13,1628.01,302260,30226,49252930.675,1,1696744800000
2023-10-08 13:00:00,1633.57,1634.14,1623.42,1629.41,834321,83432.1,135852987.675,1,1696741200000
2023-10-08 12:00:00,1639.47,1640.2,1632,1633.57,400947,40094.7,65560285.37,1,1696737600000
2023-10-08 11:00:00,1637.64,1639.68,1635.66,1639.46,216138,21613.8,35391338.668,1,1696734000000
2023-10-08 10:00:00,1639.83,1641.5,1636.26,1637.64,251680,25168,41247974.891,1,1696730400000
2023-10-08 09:00:00,1636.93,1640.12,1635.27,1639.84,192690,19269,31563624.689,1,1696726800000
2023-10-08 08:00:00,1634.2,1638.71,1633.73,1636.92,186762,18676.2,30560787.005,1,1696723200000
2023-10-08 07:00:00,1635.59,1636.49,1633.72,1634.2,132349,13234.9,21638853.692,1,1696719600000
2023-10-08 06:00:00,1634.02,1636.04,1634.02,1635.59,96270,9627,15740709.25,1,1696716000000
2023-10-08 05:00:00,1633.57,1634.72,1631.38,1634.02,91893,9189.3,15008585.238,1,1696712400000
2023-10-08 04:00:00,1630.92,1633.77,1630.4,1633.56,177151,17715.1,28908035.615,1,1696708800000
2023-10-08 03:00:00,1635.32,1635.33,1630,1630.91,305694,30569.4,49895459.143,1,1696705200000
2023-10-08 02:00:00,1636.41,1636.86,1633.09,1635.32,208559,20855.9,34099705.972,1,1696701600000
2023-10-08 01:00:00,1637.57,1639.22,1634.18,1636.41,294392,29439.2,48177316.294,1,1696698000000
2023-10-08 00:00:00,1638.4,1639.46,1637.55,1637.58,128818,12881.8,21106742.238,1,1696694400000
2023-10-07 23:00:00,1642.13,1642.6,1634.31,1638.41,432732,43273.2,70892603.445,1,1696690800000
2023-10-07 22:00:00,1641.97,1642.64,1639.4,1642.14,149615,14961.5,24554869.61,1,1696687200000
2023-10-07 21:00:00,1640.29,1643.37,1638.36,1641.97,206962,20696.2,33954494.206,1,1696683600000
2023-10-07 20:00:00,1638.83,1640.72,1638.31,1640.3,135232,13523.2,22175312.99,1,1696680000000
2023-10-07 19:00:00,1639.91,1642.73,1637.53,1638.84,206093,20609.3,33798992.673,1,1696676400000
2023-10-07 18:00:00,1639.15,1640.5,1638.24,1639.92,110954,11095.4,18187952.977,1,1696672800000
2023-10-07 17:00:00,1642.75,1643.4,1638.2,1639.16,171011,17101.1,28057844.91,1,1696669200000
2023-10-07 16:00:00,1637,1643.57,1636.01,1642.6,351643,35164.3,57682979.557,1,1696665600000
2023-10-07 15:00:00,1638.07,1639.67,1636.11,1637,178883,17888.3,29298892.173,1,1696662000000
2023-10-07 14:00:00,1640.3,1640.31,1637.08,1638.07,239764,23976.4,39288417.893,1,1696658400000
2023-10-07 13:00:00,1641.09,1642.11,1639.55,1640.3,138158,13815.8,22666384.973,1,1696654800000
2023-10-07 12:00:00,1641.35,1643.42,1641.08,1641.1,122176,12217.6,20063697.902,1,1696651200000
2023-10-07 11:00:00,1640.7,1643.68,1639.52,1641.35,253325,25332.5,41592688.258,1,1696647600000
2023-10-07 10:00:00,1642.95,1644,1640.57,1640.7,162941,16294.1,26765464.622,1,1696644000000
2023-10-07 09:00:00,1644.38,1646.84,1641.01,1642.95,234600,23460,38552825.436,1,1696640400000
2023-10-07 08:00:00,1644.92,1647.78,1643.97,1644.37,176674,17667.4,29076977.429,1,1696636800000
2023-10-07 07:00:00,1645.02,1646.71,1642.65,1644.92,225995,22599.5,37167297.376,1,1696633200000
2023-10-07 06:00:00,1652.52,1655.2,1644.51,1645.02,283832,28383.2,46836873.757,1,1696629600000
2023-10-07 05:00:00,1646.09,1663,1645,1652.52,856551,85655.1,141919715.371,1,1696626000000
2023-10-07 04:00:00,1646.24,1648.74,1644.11,1646.09,158422,15842.2,26076866.45,1,1696622400000
2023-10-07 03:00:00,1646.49,1656.03,1644.92,1646.12,833940,83394,137663666.06,1,1696618800000
2023-10-07 02:00:00,1647.52,1649.45,1644.03,1646.49,300041,30004.1,49406287.002,1,1696615200000
2023-10-07 01:00:00,1639.96,1649.79,1636.81,1647.52,721571,72157.1,118729623.562,1,1696611600000
2023-10-07 00:00:00,1642.66,1645.55,1634.1,1639.89,1028296,102829.6,168619027.964,1,1696608000000
2023-10-06 23:00:00,1634.12,1649.98,1632.87,1642.66,1898341,189834.1,311863540.644,1,1696604400000
2023-10-06 22:00:00,1629.63,1637,1626.07,1634.12,879637,87963.7,143610584.088,1,1696600800000
2023-10-06 21:00:00,1615.85,1639.08,1610.92,1629.63,2350148,235014.8,382238246.447,1,1696597200000
2023-10-06 20:00:00,1634.79,1635.86,1612.01,1615.81,2123913,212391.3,344966734.503,1,1696593600000
2023-10-06 19:00:00,1631.92,1635.14,1628.53,1634.8,529692,52969.2,86438227.07,1,1696590000000
2023-10-06 18:00:00,1634.5,1639.95,1631.41,1631.92,683947,68394.7,111861244.955,1,1696586400000
2023-10-06 17:00:00,1633.4,1635.8,1632.25,1634.49,256816,25681.6,41958100.301,1,1696582800000
2023-10-06 16:00:00,1630.8,1637.79,1630.37,1633.4,867345,86734.5,141738086.093,1,1696579200000
2023-10-06 15:00:00,1622.16,1632.96,1621.6,1630.79,918345,91834.5,149551365.587,1,1696575600000
2023-10-06 14:00:00,1620.76,1622.48,1619.16,1622.15,177577,17757.7,28783259.625,1,1696572000000
2023-10-06 13:00:00,1622.95,1623.24,1618.55,1620.77,219263,21926.3,35527144.205,1,1696568400000
2023-10-06 12:00:00,1624.41,1624.76,1621.23,1622.9,201645,20164.5,32722866.131,1,1696564800000
2023-10-06 11:00:00,1623.66,1625.15,1622.37,1624.4,226547,22654.7,36785145.133,1,1696561200000
2023-10-06 10:00:00,1622.16,1625.81,1621.98,1623.65,420345,42034.5,68259869.593,1,1696557600000
2023-10-06 09:00:00,1617.26,1623.34,1617,1622.15,413535,41353.5,67010795.367,1,1696554000000
2023-10-06 08:00:00,1612.07,1617.83,1612.07,1617.25,267066,26706.6,43142466.982,1,1696550400000
2023-10-06 07:00:00,1616,1617.99,1611.11,1612.05,196490,19649,31707509.701,1,1696546800000
2023-10-06 06:00:00,1614.59,1618.2,1610,1615.99,190919,19091.9,30821518.585,1,1696543200000
2023-10-06 05:00:00,1617.05,1619.39,1614.51,1614.59,139620,13962,22577830.99,1,1696539600000
2023-10-06 04:00:00,1616.91,1619.8,1614.3,1617.04,249249,24924.9,40306273.16,1,1696536000000
2023-10-06 03:00:00,1617.29,1620.07,1614.8,1616.9,254029,25402.9,41086025.384,1,1696532400000
2023-10-06 02:00:00,1616.9,1619.11,1612.31,1617.3,401832,40183.2,64921224.234,1,1696528800000
2023-10-06 01:00:00,1614.11,1619.36,1608.71,1616.92,873248,87324.8,140976497.69,1,1696525200000
2023-10-06 00:00:00,1618.34,1621.83,1606.01,1614.11,1993712,199371.2,322049053.815,1,1696521600000
2023-10-05 23:00:00,1641.8,1642.33,1605,1618.33,4644231,464423.1,753607026.312,1,1696518000000
2023-10-05 22:00:00,1642.72,1648.21,1639.77,1641.81,751941,75194.1,123597928.424,1,1696514400000
2023-10-05 21:00:00,1633.92,1649.8,1633.74,1642.73,1823879,182387.9,299582187.122,1,1696510800000
2023-10-05 20:00:00,1636.8,1637.86,1631.1,1633.93,546986,54698.6,89388277.804,1,1696507200000
2023-10-05 19:00:00,1641.31,1641.52,1636.16,1636.8,257368,25736.8,42177233.581,1,1696503600000
2023-10-05 18:00:00,1639.07,1641.52,1636.92,1641.31,258462,25846.2,42358077.068,1,1696500000000
2023-10-05 17:00:00,1638.51,1642.34,1637.22,1639.08,277292,27729.2,45466743.657,1,1696496400000
2023-10-05 16:00:00,1636.48,1639.4,1635.06,1638.51,264108,26410.8,43234064.528,1,1696492800000
2023-10-05 15:00:00,1638.42,1638.42,1632,1636.49,628208,62820.8,102693637.078,1,1696489200000
2023-10-05 14:00:00,1640.51,1641.58,1636.73,1638.43,371760,37176,60927129.839,1,1696485600000
2023-10-05 13:00:00,1644.9,1646.28,1640.14,1640.5,191737,19173.7,31502206.346,1,1696482000000
2023-10-05 12:00:00,1642.53,1644.99,1641.75,1644.89,193828,19382.8,31851832.076,1,1696478400000
2023-10-05 11:00:00,1644.17,1646.58,1642.02,1642.53,235653,23565.3,38753069.484,1,1696474800000
2023-10-05 10:00:00,1647.32,1647.64,1643.04,1644.17,197708,19770.8,32520476.249,1,1696471200000
2023-10-05 09:00:00,1650.16,1651.08,1644,1647.32,353409,35340.9,58207559.781,1,1696467600000
2023-10-05 08:00:00,1646.43,1655.55,1644.74,1650.11,528648,52864.8,87226858.409,1,1696464000000
2023-10-05 07:00:00,1648.39,1652.72,1646.43,1646.44,305921,30592.1,50468223.7,1,1696460400000
2023-10-05 06:00:00,1643.51,1649.44,1642.66,1648.4,223934,22393.4,36866901.633,1,1696456800000
2023-10-05 05:00:00,1641.59,1648,1641.37,1643.5,305175,30517.5,50206196.289,1,1696453200000
2023-10-05 04:00:00,1643.15,1647.8,1640.42,1641.73,365820,36582,60169777.708,1,1696449600000
2023-10-05 03:00:00,1643.8,1655,1637.29,1643.16,1996871,199687.1,329025866.435,1,1696446000000
2023-10-05 02:00:00,1639.11,1644.61,1638.39,1643.8,309952,30995.2,50863296.511,1,1696442400000
2023-10-05 01:00:00,1637.82,1642.71,1637.43,1639.11,388580,38858,63711270.435,1,1696438800000
2023-10-05 00:00:00,1632.66,1643.5,1631.64,1637.82,618058,61805.8,101227041.617,1,1696435200000
2023-10-04 23:00:00,1633.8,1638.19,1631.36,1632.65,579007,57900.7,94685987.45,1,1696431600000
2023-10-04 22:00:00,1635.19,1638.1,1626.71,1633.81,1491481,149148.1,243584082.345,1,1696428000000
2023-10-04 21:00:00,1646.43,1646.77,1633.42,1635.19,1254601,125460.1,205728281.413,1,1696424400000
2023-10-04 20:00:00,1646.9,1650.42,1645.02,1646.43,392107,39210.7,64620702.44,1,1696420800000
2023-10-04 19:00:00,1646.31,1648.09,1645.34,1646.9,258668,25866.8,42602151.725,1,1696417200000
2023-10-04 18:00:00,1651.82,1652.6,1646.03,1646.3,369344,36934.4,60901092.433,1,1696413600000
2023-10-04 17:00:00,1646.47,1652.93,1645.51,1651.81,424988,42498.8,70076105.223,1,1696410000000
2023-10-04 16:00:00,1645,1648.66,1643.35,1646.47,505171,50517.1,83167583.585,1,1696406400000
2023-10-04 15:00:00,1642.34,1645,1640.82,1645,331932,33193.2,54537739.33,1,1696402800000
2023-10-04 14:00:00,1641,1642.35,1636.3,1642.33,326263,32626.3,53477763.63,1,1696399200000
2023-10-04 13:00:00,1639.45,1641,1636.28,1641,276942,27694.2,45373965.678,1,1696395600000
2023-10-04 12:00:00,1641.98,1642.11,1637.55,1639.46,363502,36350.2,59611364.315,1,1696392000000
2023-10-04 11:00:00,1641.88,1646.3,1641.38,1641.99,231590,23159,38067035.307,1,1696388400000
2023-10-04 10:00:00,1638.99,1647.23,1637.42,1641.88,662254,66225.4,108824716.364,1,1696384800000
2023-10-04 09:00:00,1638.59,1640.79,1634,1638.99,668623,66862.3,109507776.417,1,1696381200000
2023-10-04 08:00:00,1657.08,1657.89,1616,1638.59,2665536,266553.6,436231670.28,1,1696377600000
2023-10-04 07:00:00,1657.65,1660.62,1654.61,1657.08,333463,33346.3,55276357.862,1,1696374000000
2023-10-04 06:00:00,1654.8,1658.95,1648.16,1657.64,394294,39429.4,65144865.966,1,1696370400000
2023-10-04 05:00:00,1657.12,1658.58,1653.98,1654.8,147646,14764.6,24453281.697,1,1696366800000
2023-10-04 04:00:00,1650.44,1659.9,1645.52,1657.13,569614,56961.4,94191748.038,1,1696363200000
2023-10-04 03:00:00,1649.03,1656.19,1646.23,1650.45,457797,45779.7,75600458.732,1,1696359600000
2023-10-04 02:00:00,1655.37,1656.18,1648.67,1649.04,355427,35542.7,58750797.117,1,1696356000000
2023-10-04 01:00:00,1651,1658.44,1650.4,1655.37,515737,51573.7,85355617.98,1,1696352400000
2023-10-04 00:00:00,1648.4,1653.42,1647.08,1650.99,438780,43878,72425185.467,1,1696348800000
2023-10-03 23:00:00,1648.2,1652.82,1643.5,1648.41,779634,77963.4,128491680.04,1,1696345200000
2023-10-03 22:00:00,1661.42,1661.42,1643,1648.21,1599847,159984.7,264095710.301,1,1696341600000
2023-10-03 21:00:00,1656.18,1663.33,1652.93,1661.43,722272,72227.2,119870124.59,1,1696338000000
2023-10-03 20:00:00,1656.36,1659,1648.43,1656.18,737871,73787.1,122057552.826,1,1696334400000
2023-10-03 19:00:00,1659.81,1660.19,1650,1656.35,785912,78591.2,129986282.988,1,1696330800000
2023-10-03 18:00:00,1659.37,1661.27,1654.46,1659.81,606182,60618.2,100507694.433,1,1696327200000
2023-10-03 17:00:00,1664.21,1665.73,1659.09,1659.37,356152,35615.2,59208596.16,1,1696323600000
2023-10-03 16:00:00,1662.41,1667.66,1662.27,1664.21,244554,24455.4,40730715.438,1,1696320000000
2023-10-03 15:00:00,1669,1669.66,1661.9,1662.51,346260,34626,57636255.311,1,1696316400000
2023-10-03 14:00:00,1665.79,1670.79,1664.75,1668.99,229258,22925.8,38231808.66,1,1696312800000
2023-10-03 13:00:00,1667.48,1670.76,1664.05,1665.79,276510,27651,46106152.077,1,1696309200000
2023-10-03 12:00:00,1665.7,1667.97,1663.65,1667.48,264170,26417,44005070.774,1,1696305600000
2023-10-03 11:00:00,1667.81,1667.89,1663.65,1665.71,294013,29401.3,48971758.882,1,1696302000000
2023-10-03 10:00:00,1668,1668.23,1665.93,1667.82,190137,19013.7,31697590.413,1,1696298400000
2023-10-03 09:00:00,1662.52,1669.04,1660.09,1667.95,399609,39960.9,66535123.407,1,1696294800000
2023-10-03 08:00:00,1662.3,1666.84,1661.49,1662.52,399196,39919.6,66412702.03,1,1696291200000
2023-10-03 07:00:00,1661.32,1666,1658.68,1662.41,469866,46986.6,78112088.248,1,1696287600000
2023-10-03 06:00:00,1654.63,1661.78,1649.6,1661.38,585157,58515.7,96929384.723,1,1696284000000
2023-10-03 05:00:00,1665.36,1666.54,1635,1654.62,1381181,138118.1,228234142.91,1,1696280400000
2023-10-03 04:00:00,1674.6,1674.6,1664.15,1665.29,448680,44868,74843430.089,1,1696276800000
2023-10-03 03:00:00,1657.86,1675.09,1649,1674.6,1185960,118596,197060465.026,1,1696273200000
2023-10-03 02:00:00,1688.62,1692.66,1631,1657.86,3447047,344704.7,572049934.586,1,1696269600000
2023-10-03 01:00:00,1686.62,1690.94,1681.34,1688.62,708045,70804.5,119451958.955,1,1696266000000
2023-10-03 00:00:00,1692.01,1693.97,1679.45,1686.62,2217919,221791.9,374309237.945,1,1696262400000
2023-10-02 23:00:00,1716.47,1717.75,1687.57,1692.01,2433722,243372.2,413872288.056,1,1696258800000
2023-10-02 22:00:00,1728.43,1729.33,1704.1,1716.47,2602173,260217.3,445861000.588,1,1696255200000
2023-10-02 21:00:00,1730.09,1730.7,1718.41,1728.41,1022309,102230.9,176418890.091,1,1696251600000
2023-10-02 20:00:00,1725.4,1734.95,1724.13,1730.16,827106,82710.6,143096693.921,1,1696248000000
2023-10-02 19:00:00,1731.44,1733.9,1724.43,1725.41,618081,61808.1,106833566.949,1,1696244400000
2023-10-02 18:00:00,1731.45,1732.88,1730.4,1731.44,238196,23819.6,41248563.54,1,1696240800000
2023-10-02 17:00:00,1734.61,1736,1729.66,1731.45,498055,49805.5,86307473.751,1,1696237200000
2023-10-02 16:00:00,1730.19,1745.42,1725.86,1734.6,1335046,133504.6,231817407.884,1,1696233600000
2023-10-02 15:00:00,1724.91,1734.25,1722.75,1730.2,1026724,102672.4,177476910.023,1,1696230000000
2023-10-02 14:00:00,1718.31,1724.92,1716.82,1724.9,391110,39111,67327291.471,1,1696226400000
2023-10-02 13:00:00,1726.41,1728.71,1711.99,1718.31,974813,97481.3,167597442.392,1,1696222800000
2023-10-02 12:00:00,1729.27,1730.08,1725.14,1726.4,290356,29035.6,50154494.159,1,1696219200000
2023-10-02 11:00:00,1727.01,1733.54,1725.35,1729.28,535777,53577.7,92609451.132,1,1696215600000
2023-10-02 10:00:00,1726.19,1729.29,1724.5,1727.01,330692,33069.2,57100633.378,1,1696212000000
2023-10-02 09:00:00,1724.76,1726.8,1718.13,1726.19,577879,57787.9,99567942.617,1,1696208400000
2023-10-02 08:00:00,1734,1735.47,1721.2,1724.75,781705,78170.5,135064365.029,1,1696204800000
2023-10-02 07:00:00,1734.84,1737,1725.28,1734,1012234,101223.4,175246215.723,1,1696201200000
2023-10-02 06:00:00,1678.41,1785.54,1676.47,1734.83,5940321,594032.1,1026722894.056,1,1696197600000
2023-10-02 05:00:00,1674.43,1678.95,1673.4,1678.41,155517,15551.7,26067016.694,1,1696194000000
2023-10-02 04:00:00,1676.58,1677.04,1667.66,1674.44,591136,59113.6,98853990.201,1,1696190400000
2023-10-02 03:00:00,1675.88,1677.62,1674.4,1676.58,167970,16797,28158734.97,1,1696186800000
2023-10-02 02:00:00,1672.84,1676.84,1671.97,1675.8,270791,27079.1,45360792.446,1,1696183200000
2023-10-02 01:00:00,1679.42,1681.45,1670.6,1672.81,828556,82855.6,138829147.18,1,1696179600000
2023-10-02 00:00:00,1683.79,1684.39,1677.46,1679.43,356525,35652.5,59944579.052,1,1696176000000
2023-10-01 23:00:00,1681.49,1684.6,1680.69,1683.79,223799,22379.9,37656722.516,1,1696172400000
2023-10-01 22:00:00,1686.74,1691,1676.98,1681.5,1020628,102062.8,171844825.949,1,1696168800000
2023-10-01 21:00:00,1687.8,1688,1682.01,1686.75,340598,34059.8,57377115.773,1,1696165200000
2023-10-01 20:00:00,1688.69,1689.32,1683.68,1687.8,370883,37088.3,62559238.286,1,1696161600000
2023-10-01 19:00:00,1686.35,1692,1684.5,1688.69,457237,45723.7,77238839.263,1,1696158000000
2023-10-01 18:00:00,1685.99,1692.6,1684.1,1686.43,853665,85366.5,144104560.172,1,1696154400000
2023-10-01 17:00:00,1679.41,1688,1679.23,1686,627362,62736.2,105650752.964,1,1696150800000
2023-10-01 16:00:00,1678.41,1681.48,1676.5,1679.48,244979,24497.9,41128721.87,1,1696147200000
2023-10-01 15:00:00,1678.82,1679.76,1676.98,1678.41,149936,14993.6,25171467.022,1,1696143600000
2023-10-01 14:00:00,1679.26,1680.76,1677.72,1678.83,188270,18827,31612625.894,1,1696140000000
2023-10-01 13:00:00,1675.68,1680.44,1675.41,1679.25,331156,33115.6,55588753.473,1,1696136400000
2023-10-01 12:00:00,1674.47,1675.69,1673.54,1675.69,89417,8941.7,14974046.441,1,1696132800000
2023-10-01 11:00:00,1674.01,1674.77,1672.11,1674.48,157215,15721.5,26309745.126,1,1696129200000
2023-10-01 10:00:00,1673.77,1674.88,1671.98,1674,216860,21686,36293021.286,1,1696125600000
2023-10-01 09:00:00,1674.14,1677.89,1673.01,1673.76,278787,27878.7,46699047.191,1,1696122000000
2023-10-01 08:00:00,1671.31,1674.79,1670.45,1674.14,216433,21643.3,36209748.998,1,1696118400000
2023-10-01 07:00:00,1674.99,1675,1669.14,1671.32,329305,32930.5,55046284.736,1,1696114800000
2023-10-01 06:00:00,1674.52,1677.79,1673.9,1675,197573,19757.3,33108162.07,1,1696111200000
2023-10-01 05:00:00,1680.06,1683.8,1665,1674.53,576232,57623.2,96407430.409,1,1696107600000
2023-10-01 04:00:00,1679.23,1681.2,1677.94,1680.08,115735,11573.5,19442704.723,1,1696104000000
2023-10-01 03:00:00,1676.89,1681.76,1675.53,1679.23,213800,21380,35898734.026,1,1696100400000
2023-10-01 02:00:00,1679.57,1680,1675.1,1676.88,183779,18377.9,30829360.811,1,1696096800000
2023-10-01 01:00:00,1680.9,1680.9,1672,1679.58,573213,57321.3,96110898.718,1,1696093200000
2023-10-01 00:00:00,1683.6,1686.59,1679,1680.9,675106,67510.6,113587580.598,1,1696089600000
2023-09-30 23:00:00,1681.08,1695,1679.37,1683.6,1455001,145500.1,245484832.191,1,1696086000000
2023-09-30 22:00:00,1680.52,1687.37,1678.81,1681.09,1101282,110128.2,185318126.793,1,1696082400000
2023-09-30 21:00:00,1674,1682.49,1672.77,1680.51,580308,58030.8,97340672.294,1,1696078800000
2023-09-30 20:00:00,1675.75,1678.18,1673.64,1674,229433,22943.3,38456294.872,1,1696075200000
2023-09-30 19:00:00,1675.6,1679.65,1674.2,1675.76,387888,38788.8,65033293.718,1,1696071600000
2023-09-30 18:00:00,1675.49,1675.98,1674.65,1675.6,109089,10908.9,18276918.572,1,1696068000000
2023-09-30 17:00:00,1674.24,1677.88,1673.63,1675.5,342506,34250.6,57403107.085,1,1696064400000
2023-09-30 16:00:00,1671.87,1675.2,1671.48,1674.23,167370,16737,28007621.24,1,1696060800000
2023-09-30 15:00:00,1672.47,1674,1671.07,1671.87,161334,16133.4,26978804.152,1,1696057200000
2023-09-30 14:00:00,1673.42,1675.77,1672.05,1672.47,263023,26302.3,44027357.345,1,1696053600000
2023-09-30 13:00:00,1669.81,1673.55,1669.8,1673.43,190018,19001.8,31767581.519,1,1696050000000
2023-09-30 12:00:00,1670.33,1671.09,1669.75,1669.81,90028,9002.8,15036941.668,1,1696046400000
2023-09-30 11:00:00,1670.51,1672.4,1668.69,1670.32,190845,19084.5,31881531.104,1,1696042800000
2023-09-30 10:00:00,1667.51,1670.86,1666.09,1670.5,201859,20185.9,33680238.298,1,1696039200000
2023-09-30 09:00:00,1671.09,1671.6,1667,1667.52,184793,18479.3,30845597.169,1,1696035600000
2023-09-30 08:00:00,1667.4,1672.7,1666.69,1671.09,239337,23933.7,39971859.029,1,1696032000000
2023-09-30 07:00:00,1667.25,1669.64,1665.28,1667.41,121842,12184.2,20322928.706,1,1696028400000
2023-09-30 06:00:00,1666.15,1668.5,1665.88,1667.25,72411,7241.1,12072993.781,1,1696024800000
2023-09-30 05:00:00,1668.42,1669.97,1665.4,1666.15,175517,17551.7,29269116.588,1,1696021200000
2023-09-30 04:00:00,1665.45,1672.44,1664.05,1668.42,424365,42436.5,70800395.145,1,1696017600000
2023-09-30 03:00:00,1666.49,1667.57,1663.46,1665.46,297700,29770,49582790.231,1,1696014000000
2023-09-30 02:00:00,1662.9,1667.71,1656.82,1666.5,926438,92643.8,153907658.827,1,1696010400000
2023-09-30 01:00:00,1666.97,1667.99,1662.43,1662.9,345954,34595.4,57616344.316,1,1696006800000
2023-09-30 00:00:00,1672.2,1673.2,1662,1666.96,704174,70417.4,117385531.992,1,1696003200000
2023-09-29 23:00:00,1673.57,1675.61,1666.4,1672.19,749730,74973,125281786.974,1,1695999600000
2023-09-29 22:00:00,1669,1685.28,1655.28,1673.52,3823890,382389,638687820.852,1,1695996000000
2023-09-29 21:00:00,1673.43,1676.95,1667.76,1669,589939,58993.9,98644022.606,1,1695992400000
2023-09-29 20:00:00,1668.84,1675,1666.09,1673.44,788084,78808.4,131667270.552,1,1695988800000
2023-09-29 19:00:00,1672.79,1674.85,1666.44,1668.84,543691,54369.1,90805544.564,1,1695985200000
2023-09-29 18:00:00,1673.34,1676.13,1671.15,1672.8,389240,38924,65130960.829,1,1695981600000
2023-09-29 17:00:00,1671.42,1677.5,1669.75,1673.34,769240,76924,128727889.825,1,1695978000000
2023-09-29 16:00:00,1686.5,1686.6,1670,1671.42,1481506,148150.6,248635129.7,1,1695974400000
2023-09-29 15:00:00,1659.03,1688.61,1657.74,1686.49,3545551,354555.1,594614842.232,1,1695970800000
2023-09-29 14:00:00,1655.72,1662,1654,1659.02,464272,46427.2,76997926.701,1,1695967200000
2023-09-29 13:00:00,1654.39,1657.24,1653.65,1655.71,258379,25837.9,42769778.628,1,1695963600000
2023-09-29 12:00:00,1651.79,1654.46,1649.08,1654.4,229684,22968.4,37942855.656,1,1695960000000
2023-09-29 11:00:00,1650.81,1653.09,1648.31,1651.79,262410,26241,43313059.474,1,1695956400000
2023-09-29 10:00:00,1656.01,1658.8,1650.2,1650.86,456457,45645.7,75476096.08,1,1695952800000
2023-09-29 09:00:00,1653.93,1656.99,1650,1656.01,330975,33097.5,54723994.945,1,1695949200000
2023-09-29 08:00:00,1652.88,1658.2,1650,1653.93,403266,40326.6,66699408.748,1,1695945600000
2023-09-29 07:00:00,1650.52,1655.42,1649.8,1652.88,254501,25450.1,42067643.315,1,1695942000000
2023-09-29 06:00:00,1650.29,1653.42,1648.45,1650.52,257509,25750.9,42524280.885,1,1695938400000
2023-09-29 05:00:00,1656.03,1657.65,1641.89,1650.29,522407,52240.7,86107228.843,1,1695934800000
2023-09-29 04:00:00,1658.54,1661.41,1653.4,1656,394912,39491.2,65477009.518,1,1695931200000
2023-09-29 03:00:00,1650.68,1659.75,1648.25,1658.5,590706,59070.6,97759536.422,1,1695927600000
2023-09-29 02:00:00,1660.95,1665.93,1645.08,1650.68,1207564,120756.4,199916612.172,1,1695924000000
2023-09-29 01:00:00,1655.71,1663.38,1655.61,1660.95,670321,67032.1,111259632.759,1,1695920400000
2023-09-29 00:00:00,1652.82,1668.45,1652.42,1655.72,3255847,325584.7,540435853.901,1,1695916800000
2023-09-28 23:00:00,1639.54,1655,1637,1652.83,1891329,189132.9,311169279.781,1,1695913200000
2023-09-28 22:00:00,1629.19,1648.46,1626.79,1639.55,3402554,340255.4,557672740.869,1,1695909600000
2023-09-28 21:00:00,1622.37,1630,1622.14,1629.21,694801,69480.1,112977399.161,1,1695906000000
2023-09-28 20:00:00,1623.92,1628.38,1621.36,1622.37,662162,66216.2,107571685.577,1,1695902400000
2023-09-28 19:00:00,1632.4,1634.58,1621,1623.92,1188764,118876.4,193368881.686,1,1695898800000
2023-09-28 18:00:00,1619.64,1638.35,1618.76,1632.4,2009968,200996.8,327732841.095,1,1695895200000
2023-09-28 17:00:00,1617.46,1621.9,1617.07,1619.63,322172,32217.2,52166494.847,1,1695891600000
2023-09-28 16:00:00,1619.27,1620.6,1614.34,1617.46,515062,51506.2,83295164.989,1,1695888000000
2023-09-28 15:00:00,1617.2,1622.41,1616.51,1619.27,761386,76138.6,123269222.946,1,1695884400000
2023-09-28 14:00:00,1613.79,1619.64,1609.65,1617.2,538042,53804.2,86858991.487,1,1695880800000
2023-09-28 13:00:00,1609.55,1615,1607.31,1613.8,496743,49674.3,80057440.991,1,1695877200000
2023-09-28 12:00:00,1606.21,1611,1604.63,1609.56,338993,33899.3,54516950.14,1,1695873600000
2023-09-28 11:00:00,1606.27,1607.21,1603.41,1606.21,336335,33633.5,53978438.612,1,1695870000000
2023-09-28 10:00:00,1607.49,1615.88,1605.65,1606.27,1012549,101254.9,163034666.012,1,1695866400000
2023-09-28 09:00:00,1603.58,1608,1598.44,1607.48,502781,50278.1,80620311.218,1,1695862800000
2023-09-28 08:00:00,1598.64,1607.85,1597.9,1603.58,841881,84188.1,134992893.577,1,1695859200000
2023-09-28 07:00:00,1598.09,1599.67,1594.89,1598.64,274465,27446.5,43846949.1,1,1695855600000
2023-09-28 06:00:00,1595.6,1598.54,1595.23,1598.1,164133,16413.3,26209043.754,1,1695852000000
2023-09-28 05:00:00,1594.89,1596.01,1593.57,1595.6,122282,12228.2,19502086.037,1,1695848400000
2023-09-28 04:00:00,1597.99,1600,1592.69,1594.79,316535,31653.5,50519802.869,1,1695844800000
2023-09-28 03:00:00,1594.65,1600,1593.89,1598,388659,38865.9,62084898.874,1,1695841200000
2023-09-28 02:00:00,1597.28,1597.28,1582.7,1594.65,1550577,155057.7,246457567.496,1,1695837600000
2023-09-28 01:00:00,1598.4,1599.99,1593.35,1597.28,469007,46900.7,74895972.249,1,1695834000000
2023-09-28 00:00:00,1601.93,1603.33,1597.8,1598.4,604666,60466.6,96761126.361,1,1695830400000
2023-09-27 23:00:00,1594.92,1603.31,1593.38,1601.93,1010443,101044.3,161675808.737,1,1695826800000
2023-09-27 22:00:00,1619.05,1621.4,1592.11,1594.92,3876412,387641.2,621923717.953,1,1695823200000
2023-09-27 21:00:00,1624.29,1628.69,1616.8,1619.04,1093520,109352,177429540.334,1,1695819600000
2023-09-27 20:00:00,1629.8,1631.92,1622.21,1624.28,1209739,120973.9,196813513.131,1,1695816000000
2023-09-27 19:00:00,1616.66,1634.84,1616.66,1629.81,2322548,232254.8,377688559.645,1,1695812400000
2023-09-27 18:00:00,1612.27,1621.7,1610.65,1616.66,1728445,172844.5,279261956.472,1,1695808800000
2023-09-27 17:00:00,1592.67,1614.64,1592.51,1612.32,2492028,249202.8,400102157.496,1,1695805200000
2023-09-27 16:00:00,1592.51,1593.57,1590.3,1592.68,195121,19512.1,31064239.307,1,1695801600000
2023-09-27 15:00:00,1594,1594.5,1591.04,1592.51,200490,20049,31925878.846,1,1695798000000
2023-09-27 14:00:00,1593.04,1594.49,1591.45,1594,209759,20975.9,33419594.18,1,1695794400000
2023-09-27 13:00:00,1592.4,1593.04,1590.96,1593.04,257589,25758.9,41007053.244,1,1695790800000
2023-09-27 12:00:00,1595.65,1597.53,1592.16,1592.4,356319,35631.9,56820879.671,1,1695787200000
2023-09-27 11:00:00,1590.36,1598,1590.24,1595.65,348854,34885.4,55635280.137,1,1695783600000
2023-09-27 10:00:00,1592.34,1593.81,1589.69,1590.36,198227,19822.7,31545736.748,1,1695780000000
2023-09-27 09:00:00,1594.6,1594.97,1589.19,1592.35,300909,30090.9,47898257.738,1,1695776400000
2023-09-27 08:00:00,1593.8,1597.49,1592.11,1594.6,458150,45815,73058149.215,1,1695772800000
2023-09-27 07:00:00,1587.63,1595.45,1587.2,1593.79,447251,44725.1,71229804.687,1,1695769200000
2023-09-27 06:00:00,1589.09,1591.13,1587.23,1587.62,223065,22306.5,35453253.979,1,1695765600000
2023-09-27 05:00:00,1587.37,1589.33,1584.06,1589.08,216951,21695.1,34434284.85,1,1695762000000
2023-09-27 04:00:00,1589.4,1591.66,1586.85,1587.27,226347,22634.7,35973995.84,1,1695758400000
2023-09-27 03:00:00,1584.65,1591,1584.44,1589.4,221518,22151.8,35176354.556,1,1695754800000
2023-09-27 02:00:00,1585.96,1587.2,1583.63,1584.68,172564,17256.4,27351270.596,1,1695751200000
2023-09-27 01:00:00,1588.71,1591.74,1583.75,1585.95,402682,40268.2,63908678.872,1,1695747600000
2023-09-27 00:00:00,1583.15,1592.89,1581.99,1588.71,682212,68221.2,108357114.992,1,1695744000000
2023-09-26 23:00:00,1587.15,1587.67,1580.27,1583.15,513204,51320.4,81264870.066,1,1695740400000
2023-09-26 22:00:00,1584.8,1587.86,1582.09,1587.16,650403,65040.3,103097898.417,1,1695736800000
2023-09-26 21:00:00,1587.31,1589.56,1579.49,1584.81,887174,88717.4,140643208.19,1,1695733200000
2023-09-26 20:00:00,1591.85,1593.68,1587.1,1587.32,533722,53372.2,84891411.964,1,1695729600000
2023-09-26 19:00:00,1588.66,1593.27,1585.67,1591.85,477421,47742.1,75886246.559,1,1695726000000
2023-09-26 18:00:00,1593.36,1594.16,1586.54,1588.54,540132,54013.2,85850326.571,1,1695722400000
2023-09-26 17:00:00,1589.91,1599.79,1588.09,1593.36,856778,85677.8,136595448.984,1,1695718800000
2023-09-26 16:00:00,1589.15,1592.7,1588.6,1589.9,259392,25939.2,41252687.639,1,1695715200000
2023-09-26 15:00:00,1588.7,1590.37,1587.4,1589.15,229007,22900.7,36379467.223,1,1695711600000
2023-09-26 14:00:00,1592.26,1595.2,1587.36,1588.69,407450,40745,64819062.049,1,1695708000000
2023-09-26 13:00:00,1591.52,1593.47,1591.16,1592.26,122162,12216.2,19449448.802,1,1695704400000
2023-09-26 12:00:00,1591.59,1592.4,1590.47,1591.51,145333,14533.3,23128282.633,1,1695700800000
2023-09-26 11:00:00,1592.58,1594.41,1591.41,1591.6,288662,28866.2,45985851.033,1,1695697200000
2023-09-26 10:00:00,1591.13,1592.98,1588.62,1592.57,256359,25635.9,40787901.015,1,1695693600000
2023-09-26 09:00:00,1587.21,1592,1586.2,1591.12,288061,28806.1,45774519.071,1,1695690000000
2023-09-26 08:00:00,1588.37,1588.99,1585.74,1587.2,184504,18450.4,29293511.092,1,1695686400000
2023-09-26 07:00:00,1587.11,1589.9,1586.71,1588.38,149691,14969.1,23772616.353,1,1695682800000
2023-09-26 06:00:00,1587.36,1587.86,1586.57,1587.11,216183,21618.3,34313402.633,1,1695679200000
2023-09-26 05:00:00,1586.36,1587.7,1584.58,1587.36,222055,22205.5,35222547.3,1,1695675600000
2023-09-26 04:00:00,1591.51,1596.98,1586.05,1586.33,390102,39010.2,62133042.503,1,1695672000000
2023-09-26 03:00:00,1591.52,1592.43,1587.37,1591.5,213275,21327.5,33898203.304,1,1695668400000
2023-09-26 02:00:00,1592.58,1594.28,1591,1591.51,188442,18844.2,30009606.462,1,1695664800000
2023-09-26 01:00:00,1590.89,1595.44,1588,1592.58,550751,55075.1,87621962.307,1,1695661200000
2023-09-26 00:00:00,1584.8,1597.75,1584.8,1590.88,1467758,146775.8,233771178.043,1,1695657600000
2023-09-25 23:00:00,1576.15,1589.99,1576.15,1584.78,1663378,166337.8,263623719.46,1,1695654000000
2023-09-25 22:00:00,1576.6,1577,1573.33,1576.1,474193,47419.3,74703468.945,1,1695650400000
2023-09-25 21:00:00,1570.94,1577.61,1570,1576.61,619543,61954.3,97494836.311,1,1695646800000
2023-09-25 20:00:00,1569.08,1572.45,1563.99,1570.94,741501,74150.1,116313216.061,1,1695643200000
2023-09-25 19:00:00,1574.21,1575.71,1565.16,1569.08,842158,84215.8,132169386.551,1,1695639600000
2023-09-25 18:00:00,1573.28,1576.33,1573.04,1574.22,245624,24562.4,38673099.242,1,1695636000000
2023-09-25 17:00:00,1578.35,1578.7,1572.9,1573.29,491594,49159.4,77452280.111,1,1695632400000
2023-09-25 16:00:00,1581.14,1583.38,1576.21,1578.35,366493,36649.3,57886472.649,1,1695628800000
2023-09-25 15:00:00,1578.43,1581.96,1576.3,1581.13,342703,34270.3,54116311.99,1,1695625200000
2023-09-25 14:00:00,1576.25,1581,1572.3,1578.44,469338,46933.8,74002334.425,1,1695621600000
2023-09-25 13:00:00,1578.73,1579.41,1574.1,1576.25,256828,25682.8,40483299.838,1,1695618000000
2023-09-25 12:00:00,1577.67,1580.65,1575.01,1578.74,342722,34272.2,54069687.584,1,1695614400000
2023-09-25 11:00:00,1580.2,1582.37,1577.3,1577.67,322616,32261.6,50957519.22,1,1695610800000
2023-09-25 10:00:00,1575.48,1581.5,1574.96,1580.21,391168,39116.8,61744260.339,1,1695607200000
2023-09-25 09:00:00,1580,1589.07,1575,1575.48,936699,93669.9,148234715.064,1,1695603600000
2023-09-25 08:00:00,1580.77,1581.2,1562.2,1580,1842175,184217.5,289636610.457,1,1695600000000
2023-09-25 07:00:00,1589.31,1589.31,1567.84,1580.76,1441122,144112.2,227369026.475,1,1695596400000
2023-09-25 06:00:00,1589.97,1589.98,1586.24,1589.32,151955,15195.5,24137308.615,1,1695592800000
2023-09-25 05:00:00,1590.39,1591.31,1586.1,1589.98,142968,14296.8,22712593.166,1,1695589200000
2023-09-25 04:00:00,1586.09,1590.9,1583.54,1590.39,261504,26150.4,41518800.608,1,1695585600000
2023-09-25 03:00:00,1590,1591.23,1579.35,1586.09,752891,75289.1,119372651.689,1,1695582000000
2023-09-25 02:00:00,1598.36,1599.75,1577.71,1590,1794602,179460.2,284986472.835,1,1695578400000
2023-09-25 01:00:00,1591.4,1601.61,1590.52,1598.29,735809,73580.9,117524282.709,1,1695574800000
2023-09-25 00:00:00,1590.86,1591.69,1589.31,1591.41,207872,20787.2,33063143.407,1,1695571200000
2023-09-24 23:00:00,1595.45,1596.1,1588.4,1590.86,448611,44861.1,71398724.611,1,1695567600000
2023-09-24 22:00:00,1594.85,1595.5,1593.71,1595.46,112996,11299.6,18019422.434,1,1695564000000
2023-09-24 21:00:00,1595.27,1596.44,1594.09,1594.86,157545,15754.5,25134168.43,1,1695560400000
2023-09-24 20:00:00,1593.97,1596.19,1592.43,1595.27,143250,14325,22836707.469,1,1695556800000
2023-09-24 19:00:00,1592.51,1595,1592.5,1593.98,125819,12581.9,20056554.447,1,1695553200000
2023-09-24 18:00:00,1593.78,1594.13,1592.05,1592.51,101927,10192.7,16238524.059,1,1695549600000
2023-09-24 17:00:00,1594.35,1596.24,1593.53,1593.78,252373,25237.3,40252108.965,1,1695546000000
2023-09-24 16:00:00,1591.75,1594.4,1591.74,1594.34,125574,12557.4,20009699.048,1,1695542400000
2023-09-24 15:00:00,1592.26,1592.47,1591.2,1591.75,64522,6452.2,10270150.217,1,1695538800000
2023-09-24 14:00:00,1592.68,1592.69,1591.18,1592.27,92560,9256,14733970.913,1,1695535200000
2023-09-24 13:00:00,1592.57,1593.01,1591.51,1592.68,78574,7857.4,12511398.798,1,1695531600000
2023-09-24 12:00:00,1592.07,1592.87,1591.2,1592.57,93250,9325,14845812.251,1,1695528000000
2023-09-24 11:00:00,1594.01,1594.07,1592.03,1592.06,53454,5345.4,8515623.108,1,1695524400000
2023-09-24 10:00:00,1593.92,1594.88,1593.5,1594.01,151878,15187.8,24211232.617,1,1695520800000
2023-09-24 09:00:00,1592.5,1593.93,1590.8,1593.92,111278,11127.8,17718209.458,1,1695517200000
2023-09-24 08:00:00,1593.75,1594.29,1591.95,1592.5,96207,9620.7,15327048.022,1,1695513600000
2023-09-24 07:00:00,1590.6,1593.99,1589.89,1593.74,102449,10244.9,16305107.068,1,1695510000000
2023-09-24 06:00:00,1593.01,1593.48,1590.55,1590.6,91437,9143.7,14557795.657,1,1695506400000
2023-09-24 05:00:00,1593.39,1594.19,1592.22,1593.01,50649,5064.9,8068482.076,1,1695502800000
2023-09-24 04:00:00,1594.67,1595.49,1593.06,1593.39,57074,5707.4,9098032.081,1,1695499200000
2023-09-24 03:00:00,1592.99,1595.32,1592.74,1594.68,71824,7182.4,11451210.898,1,1695495600000
2023-09-24 02:00:00,1591.35,1595.4,1590.95,1592.96,180047,18004.7,28694402.911,1,1695492000000
2023-09-24 01:00:00,1593.63,1594.51,1590.13,1591.35,170766,17076.6,27188353.913,1,1695488400000
2023-09-24 00:00:00,1590.83,1594.46,1588.96,1593.62,240485,24048.5,38267619.355,1,1695484800000
2023-09-23 23:00:00,1592.22,1592.41,1587.68,1590.85,272229,27222.9,43273433.377,1,1695481200000
2023-09-23 22:00:00,1591.81,1593.34,1590.6,1592.22,146972,14697.2,23394916.841,1,1695477600000
2023-09-23 21:00:00,1592.83,1593.26,1590.85,1591.8,127926,12792.6,20365578.806,1,1695474000000
2023-09-23 20:00:00,1593.42,1595.41,1591.25,1592.83,290084,29008.4,46222273.233,1,1695470400000
2023-09-23 19:00:00,1591.96,1593.5,1590.97,1593.41,113881,11388.1,18132326.16,1,1695466800000
2023-09-23 18:00:00,1592.99,1593.44,1591.95,1591.96,68929,6892.9,10979175.248,1,1695463200000
2023-09-23 17:00:00,1592.94,1594.79,1591,1592.99,222327,22232.7,35399542.692,1,1695459600000
2023-09-23 16:00:00,1594.28,1594.77,1591.84,1592.91,115032,11503.2,18329588.926,1,1695456000000
2023-09-23 15:00:00,1594.22,1594.58,1591.73,1594.28,188130,18813,29976842.602,1,1695452400000
2023-09-23 14:00:00,1593.8,1595.5,1593.6,1594.22,154250,15425,24593996.794,1,1695448800000
2023-09-23 13:00:00,1592.42,1594.39,1592.4,1593.8,154552,15455.2,24628439.865,1,1695445200000
2023-09-23 12:00:00,1591.05,1592.67,1589.8,1592.42,157192,15719.2,25011932.797,1,1695441600000
2023-09-23 11:00:00,1592.34,1593.01,1590.23,1591.06,231609,23160.9,36864637.827,1,1695438000000
2023-09-23 10:00:00,1595.82,1595.84,1592.1,1592.34,160321,16032.1,25548216.607,1,1695434400000
2023-09-23 09:00:00,1595.96,1597.13,1593.88,1595.81,201616,20161.6,32166785.399,1,1695430800000
2023-09-23 08:00:00,1593.32,1598.14,1593.1,1595.95,341487,34148.7,54505134.509,1,1695427200000
2023-09-23 07:00:00,1595.07,1595.08,1593.02,1593.32,87643,8764.3,13971402.332,1,1695423600000
2023-09-23 06:00:00,1594.11,1595.46,1592.43,1595.07,126587,12658.7,20180110.056,1,1695420000000
2023-09-23 05:00:00,1592.07,1594.31,1589.3,1594.11,149497,14949.7,23793865.78,1,1695416400000
2023-09-23 04:00:00,1592.52,1594.79,1590.11,1592.08,204219,20421.9,32520169.985,1,1695412800000
2023-09-23 03:00:00,1595.28,1599.41,1591.42,1592.75,469707,46970.7,74964425.548,1,1695409200000
2023-09-23 02:00:00,1591.91,1595.87,1589.78,1595.28,217144,21714.4,34584694.656,1,1695405600000
2023-09-23 01:00:00,1589.84,1592.83,1586.72,1591.9,466135,46613.5,74076745.797,1,1695402000000
2023-09-23 00:00:00,1593.46,1594.54,1588.01,1589.83,568751,56875.1,90488784.597,1,1695398400000
2023-09-22 23:00:00,1598.72,1599,1593,1593.47,324676,32467.6,51818957.813,1,1695394800000
2023-09-22 22:00:00,1596.79,1600.83,1593.37,1598.72,592498,59249.8,94651343.013,1,1695391200000
2023-09-22 21:00:00,1595,1597.95,1593.03,1596.83,326009,32600.9,52014807.703,1,1695387600000
2023-09-22 20:00:00,1597.05,1599.55,1594.73,1595.01,367934,36793.4,58769452.791,1,1695384000000
2023-09-22 19:00:00,1593.63,1597.8,1593.63,1597.04,160053,16005.3,25546197.301,1,1695380400000
2023-09-22 18:00:00,1594.97,1596.84,1593,1593.64,239836,23983.6,38243633.947,1,1695376800000
2023-09-22 17:00:00,1596.08,1596.6,1593.28,1594.97,322254,32225.4,51395145.95,1,1695373200000
2023-09-22 16:00:00,1595.8,1602.9,1595.38,1596.08,1049261,104926.1,167801398.134,1,1695369600000
2023-09-22 15:00:00,1591.89,1597.5,1587.03,1595.79,627408,62740.8,99922793.858,1,1695366000000
2023-09-22 14:00:00,1593.97,1595.91,1591,1591.9,285461,28546.1,45473473.877,1,1695362400000
2023-09-22 13:00:00,1594,1594.6,1591.37,1593.97,161522,16152.2,25724082.16,1,1695358800000
2023-09-22 12:00:00,1594.59,1595.8,1593.26,1594,286367,28636.7,45670780.171,1,1695355200000
2023-09-22 11:00:00,1588.65,1596.88,1588.31,1594.56,466440,46644,74311020.427,1,1695351600000
2023-09-22 10:00:00,1591.01,1592.8,1588.3,1588.64,231524,23152.4,36816382.179,1,1695348000000
2023-09-22 09:00:00,1590.89,1595.36,1585.31,1591,517577,51757.7,82364673.975,1,1695344400000
2023-09-22 08:00:00,1583.89,1591.86,1576,1590.89,1062475,106247.5,168409725.726,1,1695340800000
2023-09-22 07:00:00,1585.89,1587.86,1583.7,1583.89,140124,14012.4,22216684.55,1,1695337200000
2023-09-22 06:00:00,1588.91,1588.95,1584.19,1585.89,103565,10356.5,16421270.637,1,1695333600000
2023-09-22 05:00:00,1588,1588.91,1583.51,1588.9,158360,15836,25116980.372,1,1695330000000
2023-09-22 04:00:00,1589.48,1590.19,1582.5,1588,389797,38979.7,61834108.049,1,1695326400000
2023-09-22 03:00:00,1591.36,1592.37,1585.82,1589.48,312042,31204.2,49587561.308,1,1695322800000
2023-09-22 02:00:00,1588.75,1592.46,1588.28,1591.38,224629,22462.9,35717326.76,1,1695319200000
2023-09-22 01:00:00,1586.07,1593.13,1586.01,1588.76,650983,65098.3,103517972.598,1,1695315600000
2023-09-22 00:00:00,1583.43,1587.66,1581.73,1586.07,361259,36125.9,57221038.237,1,1695312000000
2023-09-21 23:00:00,1583.79,1587.92,1580.45,1583.43,712078,71207.8,112753361.745,1,1695308400000
2023-09-21 22:00:00,1576.31,1585.23,1574,1583.78,1029125,102912.5,162773885.191,1,1695304800000
2023-09-21 21:00:00,1590.69,1590.91,1565.81,1576.31,3003697,300369.7,473810069.28,1,1695301200000
2023-09-21 20:00:00,1594.92,1597.03,1583.78,1590.68,1600932,160093.2,254517685.5,1,1695297600000
2023-09-21 19:00:00,1591.75,1597.29,1589.72,1594.92,917121,91712.1,146196967.268,1,1695294000000
2023-09-21 18:00:00,1610.28,1611.89,1587.27,1591.66,2846295,284629.5,455357431.324,1,1695290400000
2023-09-21 17:00:00,1617.02,1618,1605.21,1610.28,1435246,143524.6,231243459.73,1,1695286800000
2023-09-21 16:00:00,1618.32,1622.82,1616.66,1617.01,467843,46784.3,75754440.052,1,1695283200000
2023-09-21 15:00:00,1621.49,1621.5,1616.57,1618.31,197060,19706,31907382.776,1,1695279600000
2023-09-21 14:00:00,1623.87,1623.88,1617.51,1621.5,338214,33821.4,54778612.125,1,1695276000000
2023-09-21 13:00:00,1624.13,1624.39,1620.13,1623.86,227961,22796.1,36984048.94,1,1695272400000
2023-09-21 12:00:00,1623.28,1624.52,1620.82,1624.12,312742,31274.2,50751015.55,1,1695268800000
2023-09-21 11:00:00,1618.09,1623.48,1618,1623.28,263684,26368.4,42738551.31,1,1695265200000
2023-09-21 10:00:00,1617.36,1621.17,1615.4,1618.1,341819,34181.9,55303229.696,1,1695261600000
2023-09-21 09:00:00,1620.41,1621.33,1613.41,1617.35,765621,76562.1,123829533.104,1,1695258000000
2023-09-21 08:00:00,1622.37,1625.72,1620.06,1620.41,695772,69577.2,112863632.482,1,1695254400000
2023-09-21 07:00:00,1623.12,1624.39,1619.58,1622.37,421057,42105.7,68298352.68,1,1695250800000
2023-09-21 06:00:00,1626.2,1626.46,1620.79,1623.11,497769,49776.9,80804098.061,1,1695247200000
2023-09-21 05:00:00,1624.82,1630,1622.35,1626.15,445443,44544.3,72460964.583,1,1695243600000
2023-09-21 04:00:00,1615.9,1624.83,1614.61,1624.83,417447,41744.7,67585444.918,1,1695240000000
2023-09-21 03:00:00,1632.09,1633.61,1603.69,1615.9,2228077,222807.7,359607566.617,1,1695236400000
2023-09-21 02:00:00,1628.75,1641,1625.01,1632.26,1294221,129422.1,211338502.641,1,1695232800000
2023-09-21 01:00:00,1627.55,1632.8,1625.57,1628.76,445599,44559.9,72626831.249,1,1695229200000
2023-09-21 00:00:00,1628.86,1630.53,1625.89,1627.56,333096,33309.6,54239105.935,1,1695225600000
2023-09-20 23:00:00,1627.51,1630.79,1624.64,1628.87,365287,36528.7,59459304.067,1,1695222000000
2023-09-20 22:00:00,1631.21,1634.88,1624.51,1627.52,695037,69503.7,113247397.442,1,1695218400000
2023-09-20 21:00:00,1626.12,1633.8,1620.2,1631.27,798270,79827,129930166.188,1,1695214800000
2023-09-20 20:00:00,1629.67,1632.84,1622.38,1626.12,624767,62476.7,101640380.532,1,1695211200000
2023-09-20 19:00:00,1629.22,1633,1628.6,1629.66,442480,44248,72136830.524,1,1695207600000
2023-09-20 18:00:00,1627.24,1629.41,1623.18,1629.21,585016,58501.6,95132054.579,1,1695204000000
2023-09-20 17:00:00,1637.54,1638.37,1617,1627.24,1896657,189665.7,308286872.485,1,1695200400000
2023-09-20 16:00:00,1634.81,1638.5,1633.5,1637.54,270485,27048.5,44255106.348,1,1695196800000
2023-09-20 15:00:00,1634.12,1636.96,1632.8,1634.82,255865,25586.5,41832731.758,1,1695193200000
2023-09-20 14:00:00,1634.36,1637.9,1630.65,1634.11,588185,58818.5,96094460.854,1,1695189600000
2023-09-20 13:00:00,1635.73,1637.52,1633.29,1634.36,426061,42606.1,69679599.81,1,1695186000000
2023-09-20 12:00:00,1637.8,1639.52,1635.4,1635.73,336670,33667,55130897.663,1,1695182400000
2023-09-20 11:00:00,1640.2,1641.96,1636.03,1637.8,386258,38625.8,63297213.418,1,1695178800000
2023-09-20 10:00:00,1648.67,1649.54,1639.5,1640.21,529370,52937,86982900.321,1,1695175200000
2023-09-20 09:00:00,1642.27,1649.2,1641.21,1648.67,370698,37069.8,61021898.873,1,1695171600000
2023-09-20 08:00:00,1643.49,1644.56,1639.15,1642.27,241750,24175,39691606.903,1,1695168000000
2023-09-20 07:00:00,1642,1645,1641.39,1643.49,204133,20413.3,33553439.285,1,1695164400000
2023-09-20 06:00:00,1641.05,1643.2,1637.54,1642.01,171979,17197.9,28212353.399,1,1695160800000
2023-09-20 05:00:00,1642.27,1642.61,1636.31,1641.05,303089,30308.9,49693420.67,1,1695157200000
2023-09-20 04:00:00,1644.27,1644.67,1638.62,1642.28,348864,34886.4,57272588.595,1,1695153600000
2023-09-20 03:00:00,1644.87,1645.4,1640.1,1644.28,312826,31282.6,51391292.216,1,1695150000000
2023-09-20 02:00:00,1645.51,1649.5,1643.52,1644.86,267250,26725,43997807.494,1,1695146400000
2023-09-20 01:00:00,1650.93,1651.08,1642.02,1645.51,557976,55797.6,91866819.925,1,1695142800000
2023-09-20 00:00:00,1656.77,1659.8,1648.21,1650.92,868311,86831.1,143626650.546,1,1695139200000
2023-09-19 23:00:00,1645.57,1659.84,1644.15,1656.98,1845783,184578.3,304866442.709,1,1695135600000
2023-09-19 22:00:00,1638.39,1647,1634,1645.57,1122798,112279.8,184290598.385,1,1695132000000
2023-09-19 21:00:00,1644.01,1648.01,1635.85,1638.38,769565,76956.5,126368542.471,1,1695128400000
2023-09-19 20:00:00,1647.67,1651.01,1640,1644,810066,81006.6,133297990.519,1,1695124800000
2023-09-19 19:00:00,1646.43,1647.67,1641.52,1647.67,491096,49109.6,80749594.425,1,1695121200000
2023-09-19 18:00:00,1653.45,1654.36,1641.27,1646.44,1036197,103619.7,170716691.714,1,1695117600000
2023-09-19 17:00:00,1643.69,1661.26,1641,1653.44,1930243,193024.3,318789119.305,1,1695114000000
2023-09-19 16:00:00,1635.85,1644.54,1635.76,1643.69,604350,60435,99108593.091,1,1695110400000
2023-09-19 15:00:00,1636.56,1638.34,1635.85,1635.86,179281,17928.1,29347357.928,1,1695106800000
2023-09-19 14:00:00,1635.89,1637.77,1632.1,1636.6,278976,27897.6,45603487.678,1,1695103200000
2023-09-19 13:00:00,1637.12,1638.26,1635.25,1635.89,163646,16364.6,26789687.858,1,1695099600000
2023-09-19 12:00:00,1634.48,1638.44,1632.72,1637.12,227396,22739.6,37187001.828,1,1695096000000
2023-09-19 11:00:00,1639.79,1640.08,1633.3,1634.49,419633,41963.3,68651789.18,1,1695092400000
2023-09-19 10:00:00,1633.19,1640,1632.24,1639.88,384986,38498.6,63008611.548,1,1695088800000
2023-09-19 09:00:00,1630.45,1634,1629.5,1633.19,311575,31157.5,50865378.413,1,1695085200000
2023-09-19 08:00:00,1636.62,1639.08,1626.19,1630.46,871609,87160.9,142181061.381,1,1695081600000
2023-09-19 07:00:00,1642.19,1642.46,1635.37,1636.62,269018,26901.8,44070325.315,1,1695078000000
2023-09-19 06:00:00,1640.42,1642.47,1637.95,1642.19,187731,18773.1,30792535.222,1,1695074400000
2023-09-19 05:00:00,1637.57,1640.49,1635.83,1640.42,130745,13074.5,21417505.544,1,1695070800000
2023-09-19 04:00:00,1640.75,1641.98,1636.8,1637.53,236656,23665.6,38785379.684,1,1695067200000
2023-09-19 03:00:00,1637.18,1645.4,1635.3,1640.74,463242,46324.2,75996130.935,1,1695063600000
2023-09-19 02:00:00,1638.67,1644.58,1633,1637.19,730510,73051,119662729.167,1,1695060000000
2023-09-19 01:00:00,1655.56,1657.41,1633.72,1638.72,1863835,186383.5,306098875.631,1,1695056400000
2023-09-19 00:00:00,1655.59,1658.76,1651.71,1655.55,629553,62955.3,104198964.14,1,1695052800000
2023-09-18 23:00:00,1657.32,1662.38,1654.21,1655.58,531607,53160.7,88177077.868,1,1695049200000
2023-09-18 22:00:00,1656.8,1659.58,1650.57,1657.33,647616,64761.6,107211483.052,1,1695045600000
2023-09-18 21:00:00,1665.24,1667.5,1652.54,1656.8,1112678,111267.8,184646659.776,1,1695042000000
2023-09-18 20:00:00,1655.73,1669,1650.57,1665.33,2030786,203078.6,337555391.911,1,1695038400000
2023-09-18 19:00:00,1648.54,1659.48,1648.54,1655.72,1241976,124197.6,205273171.039,1,1695034800000
2023-09-18 18:00:00,1638.1,1652.51,1638.1,1648.45,1695591,169559.1,279023746.499,1,1695031200000
2023-09-18 17:00:00,1633.26,1643.07,1633.26,1638.1,1104777,110477.7,180965464.521,1,1695027600000
2023-09-18 16:00:00,1633.7,1635,1630.59,1633.26,233315,23331.5,38084411.352,1,1695024000000
2023-09-18 15:00:00,1628.72,1638.78,1628.66,1633.69,944182,94418.2,154288104.873,1,1695020400000
2023-09-18 14:00:00,1629.67,1632.99,1627.68,1628.73,294143,29414.3,47953234.293,1,1695016800000
2023-09-18 13:00:00,1630.31,1635.33,1629.35,1629.66,458486,45848.6,74836998.94,1,1695013200000
2023-09-18 12:00:00,1629.84,1632.22,1626.4,1630.31,296859,29685.9,48371176.279,1,1695009600000
2023-09-18 11:00:00,1629.23,1630.92,1624.81,1629.84,441233,44123.3,71840758.022,1,1695006000000
2023-09-18 10:00:00,1616.19,1636.68,1615.68,1629.22,1761323,176132.3,286819872.489,1,1695002400000
2023-09-18 09:00:00,1612.71,1617.17,1612.7,1616.21,281809,28180.9,45515281.937,1,1694998800000
2023-09-18 08:00:00,1622.58,1624.98,1600,1612.7,1684197,168419.7,271415696.259,1,1694995200000
2023-09-18 07:00:00,1620.9,1623.67,1616.09,1622.53,294918,29491.8,47772295.331,1,1694991600000
2023-09-18 06:00:00,1619.77,1620.95,1615.55,1620.9,265026,26502.6,42895864.413,1,1694988000000
2023-09-18 05:00:00,1616.99,1620.9,1611.3,1619.76,592447,59244.7,95739656.422,1,1694984400000
2023-09-18 04:00:00,1625.93,1626.7,1612.83,1617,821553,82155.3,133032264.831,1,1694980800000
2023-09-18 03:00:00,1625.3,1627.02,1625.3,1625.93,88442,8844.2,14379697.019,1,1694977200000
2023-09-18 02:00:00,1620.08,1626.05,1617.75,1625.3,370734,37073.4,60141379.127,1,1694973600000
2023-09-18 01:00:00,1624.8,1624.91,1620,1620.09,431514,43151.4,70028576.13,1,1694970000000
2023-09-18 00:00:00,1629.66,1629.66,1624,1624.81,392046,39204.6,63753195.654,1,1694966400000
2023-09-17 23:00:00,1629,1631.8,1628.51,1629.67,144708,14470.8,23587951.895,1,1694962800000
2023-09-17 22:00:00,1628.69,1632.49,1628.23,1628.99,165215,16521.5,26935539.921,1,1694959200000
2023-09-17 21:00:00,1631.64,1631.65,1627.33,1628.68,248658,24865.8,40509850.692,1,1694955600000
2023-09-17 20:00:00,1629.4,1632.5,1629.15,1631.65,122265,12226.5,19943518.601,1,1694952000000
2023-09-17 19:00:00,1633.8,1634.36,1629.4,1629.4,188956,18895.6,30826641.046,1,1694948400000
2023-09-17 18:00:00,1633.81,1635.59,1633.13,1633.8,215523,21552.3,35216873.821,1,1694944800000
2023-09-17 17:00:00,1631.91,1634.3,1630.39,1633.8,210930,21093,34430514.3,1,1694941200000
2023-09-17 16:00:00,1627.6,1632.89,1627.04,1631.9,253386,25338.6,41317397.813,1,1694937600000
2023-09-17 15:00:00,1630.4,1630.78,1627.2,1627.6,137634,13763.4,22418284.361,1,1694934000000
2023-09-17 14:00:00,1629.88,1631.16,1628.61,1630.41,104270,10427,16993510.815,1,1694930400000
2023-09-17 13:00:00,1630.86,1631.81,1628.13,1629.88,157303,15730.3,25639445.241,1,1694926800000
2023-09-17 12:00:00,1628.99,1631.44,1627.07,1630.87,221785,22178.5,36129890.588,1,1694923200000
2023-09-17 11:00:00,1628.07,1630,1627.26,1628.99,155962,15596.2,25401440.935,1,1694919600000
2023-09-17 10:00:00,1625.32,1629.96,1624.33,1628.08,284700,28470,46324469.074,1,1694916000000
2023-09-17 09:00:00,1625.12,1627.25,1618.78,1625.33,731393,73139.3,118718366.621,1,1694912400000
2023-09-17 08:00:00,1634.4,1634.4,1621.82,1625.12,958095,95809.5,155924387.017,1,1694908800000
2023-09-17 07:00:00,1635.9,1636.84,1632.79,1634.4,132552,13255.2,21662904.421,1,1694905200000
2023-09-17 06:00:00,1636.79,1637.36,1634.71,1635.85,64161,6416.1,10495389.879,1,1694901600000
2023-09-17 05:00:00,1634.8,1638,1634.42,1636.8,80296,8029.6,13136575.789,1,1694898000000
2023-09-17 04:00:00,1633.6,1636.5,1633.02,1634.79,88594,8859.4,14484166.469,1,1694894400000
2023-09-17 03:00:00,1637.16,1637.17,1631.84,1633.61,165914,16591.4,27104222.002,1,1694890800000
2023-09-17 02:00:00,1637.51,1638.99,1635.23,1637.17,92797,9279.7,15190557.896,1,1694887200000
2023-09-17 01:00:00,1636.76,1639.5,1635.4,1637.5,207341,20734.1,33953557.371,1,1694883600000
2023-09-17 00:00:00,1634.35,1636.77,1633.6,1636.77,116766,11676.6,19091528.194,1,1694880000000
2023-09-16 23:00:00,1633.24,1637.2,1631.1,1634.35,225480,22548,36860701.455,1,1694876400000
2023-09-16 22:00:00,1635.43,1636.95,1633,1633.24,218111,21811.1,35660007.977,1,1694872800000
2023-09-16 21:00:00,1637.23,1637.87,1634.19,1635.43,179475,17947.5,29353318.279,1,1694869200000
2023-09-16 20:00:00,1635.83,1639.57,1634.5,1637.23,277842,27784.2,45492519.756,1,1694865600000
2023-09-16 19:00:00,1636.82,1637.51,1634.06,1635.84,175511,17551.1,28711267.736,1,1694862000000
2023-09-16 18:00:00,1634.86,1636.99,1631.45,1636.82,409352,40935.2,66900360.13,1,1694858400000
2023-09-16 17:00:00,1635.02,1638.99,1634.39,1634.87,215185,21518.5,35213959.44,1,1694854800000
2023-09-16 16:00:00,1637,1637.7,1633.61,1635.02,306351,30635.1,50112000.674,1,1694851200000
2023-09-16 15:00:00,1636.83,1638.29,1635,1637.01,227989,22798.9,37313949.169,1,1694847600000
2023-09-16 14:00:00,1638.09,1639.66,1634.56,1636.84,291573,29157.3,47725103.697,1,1694844000000
2023-09-16 13:00:00,1639,1640.81,1637.26,1638.09,368024,36802.4,60315667.797,1,1694840400000
2023-09-16 12:00:00,1641.57,1642.53,1638.5,1639.01,502947,50294.7,82498044.432,1,1694836800000
2023-09-16 11:00:00,1645.16,1647.7,1640.24,1641.56,417838,41783.8,68697113.338,1,1694833200000
2023-09-16 10:00:00,1643.55,1653,1643.55,1645.16,781670,78167,128787670.242,1,1694829600000
2023-09-16 09:00:00,1641.71,1644.82,1638.13,1643.54,419680,41968,68889179.878,1,1694826000000
2023-09-16 08:00:00,1641.18,1645.39,1640,1641.72,425451,42545.1,69875184.662,1,1694822400000
2023-09-16 07:00:00,1649.55,1653.52,1640.7,1641.18,865991,86599.1,142554299.608,1,1694818800000
2023-09-16 06:00:00,1632.2,1654.7,1630.57,1649.55,1404782,140478.2,231087823.669,1,1694815200000
2023-09-16 05:00:00,1622.65,1639.71,1622.65,1632.19,1222363,122236.3,199440418.918,1,1694811600000
2023-09-16 04:00:00,1621.37,1623,1618.82,1622.66,187076,18707.6,30334785.678,1,1694808000000
2023-09-16 03:00:00,1619.13,1623.6,1618.74,1621.37,133478,13347.8,21649934.417,1,1694804400000
2023-09-16 02:00:00,1619.16,1622,1617.42,1619.13,142528,14252.8,23083673.956,1,1694800800000
2023-09-16 01:00:00,1623.01,1623.33,1618.59,1619.16,265662,26566.2,43056375.619,1,1694797200000
2023-09-16 00:00:00,1619.65,1624,1618.74,1623.01,544615,54461.5,88288564.79,1,1694793600000
2023-09-15 23:00:00,1614.61,1620.46,1614.04,1619.64,411955,41195.5,66643048.947,1,1694790000000
2023-09-15 22:00:00,1620.5,1623,1611,1614.62,1214546,121454.6,196355975.716,1,1694786400000
2023-09-15 21:00:00,1619.91,1625.99,1619.6,1620.5,415744,41574.4,67460361.774,1,1694782800000
2023-09-15 20:00:00,1620.88,1624,1619.23,1619.91,573496,57349.6,92996577.099,1,1694779200000
2023-09-15 19:00:00,1630.19,1630.31,1617.08,1620.89,977293,97729.3,158621246.597,1,1694775600000
2023-09-15 18:00:00,1628.66,1630.51,1627.62,1630.2,182685,18268.5,29760837.391,1,1694772000000
2023-09-15 17:00:00,1629.58,1632.49,1626.58,1628.71,338170,33817,55090066.766,1,1694768400000
2023-09-15 16:00:00,1627.97,1629.78,1625.88,1629.54,417849,41784.9,68019664.11,1,1694764800000
2023-09-15 15:00:00,1630.03,1630.5,1627,1627.97,263474,26347.4,42905700.134,1,1694761200000
2023-09-15 14:00:00,1630.96,1632.3,1628.5,1630.03,183936,18393.6,29982387.839,1,1694757600000
2023-09-15 13:00:00,1633.2,1634.49,1629.68,1630.96,213199,21319.9,34797185.484,1,1694754000000
2023-09-15 12:00:00,1634.3,1635.82,1630.96,1633.2,239983,23998.3,39206356.178,1,1694750400000
2023-09-15 11:00:00,1632.43,1635.26,1630.55,1634.31,267541,26754.1,43694337.302,1,1694746800000
2023-09-15 10:00:00,1627.62,1635.8,1627.62,1632.42,720968,72096.8,117743221.388,1,1694743200000
2023-09-15 09:00:00,1624.21,1627.95,1622,1627.62,266793,26679.3,43353499.802,1,1694739600000
2023-09-15 08:00:00,1626.33,1629.37,1623.13,1624.21,399013,39901.3,64879263.209,1,1694736000000
2023-09-15 07:00:00,1629.64,1631,1625,1626.32,224389,22438.9,36520387.234,1,1694732400000
2023-09-15 06:00:00,1627.1,1632,1625.82,1629.64,235781,23578.1,38423703.342,1,1694728800000
2023-09-15 05:00:00,1626.92,1629.9,1623.39,1627.1,320702,32070.2,52167359.262,1,1694725200000
2023-09-15 04:00:00,1636.06,1638.48,1626.8,1626.93,354920,35492,57907855.219,1,1694721600000
2023-09-15 03:00:00,1629.45,1636.59,1629.2,1635.97,279783,27978.3,45687191.993,1,1694718000000
2023-09-15 02:00:00,1636.84,1644.99,1629.06,1629.46,837005,83700.5,136981607.966,1,1694714400000
2023-09-15 01:00:00,1634.69,1638.2,1631.67,1636.84,441019,44101.9,72114162.9,1,1694710800000
2023-09-15 00:00:00,1634.41,1635.89,1626.14,1634.69,775393,77539.3,126509518.093,1,1694707200000
2023-09-14 23:00:00,1636.4,1644.33,1628.51,1634.4,1411610,141161,230923577.292,1,1694703600000
2023-09-14 22:00:00,1624.97,1638.36,1622.5,1636.4,1308246,130824.6,213305665.457,1,1694700000000
2023-09-14 21:00:00,1624.06,1636,1621.01,1624.97,1801769,180176.9,293312480.934,1,1694696400000
2023-09-14 20:00:00,1624.67,1629.58,1617,1624.06,1307135,130713.5,212146629.293,1,1694692800000
2023-09-14 19:00:00,1622.2,1626.99,1621.71,1624.67,559609,55960.9,90895356.124,1,1694689200000
2023-09-14 18:00:00,1619.54,1622.97,1618.14,1622.24,339726,33972.6,55048676.968,1,1694685600000
2023-09-14 17:00:00,1619.87,1621.07,1618.04,1619.52,152596,15259.6,24712027.166,1,1694682000000
2023-09-14 16:00:00,1621.45,1622.62,1617.17,1619.86,416031,41603.1,67394148.335,1,1694678400000
2023-09-14 15:00:00,1619.88,1626.67,1616.41,1621.44,614263,61426.3,99608873.366,1,1694674800000
2023-09-14 14:00:00,1614.67,1620.49,1613.31,1619.88,261917,26191.7,42362977.354,1,1694671200000
2023-09-14 13:00:00,1615.97,1618.5,1612.02,1614.67,423264,42326.4,68338964.046,1,1694667600000
2023-09-14 12:00:00,1620.4,1621.63,1613.76,1615.97,385617,38561.7,62371056.871,1,1694664000000
2023-09-14 11:00:00,1623.42,1624.48,1618.37,1620.41,259484,25948.4,42062918.391,1,1694660400000
2023-09-14 10:00:00,1620.34,1623.42,1617.37,1623.42,577445,57744.5,93578524.005,1,1694656800000
2023-09-14 09:00:00,1635.73,1638.84,1618.01,1620.35,1913764,191376.4,311512196.8,1,1694653200000
2023-09-14 08:00:00,1607.4,1637.1,1606.89,1635.74,2254117,225411.7,366112073.893,1,1694649600000
2023-09-14 07:00:00,1606.69,1609.94,1605.73,1607.4,133647,13364.7,21482838.741,1,1694646000000
2023-09-14 06:00:00,1605.11,1609.51,1605.11,1606.7,135850,13585,21837899.107,1,1694642400000
2023-09-14 05:00:00,1603.68,1607.52,1602.65,1605.12,113997,11399.7,18295043.937,1,1694638800000
2023-09-14 04:00:00,1599.28,1605.77,1599.05,1603.64,219981,21998.1,35262905.921,1,1694635200000
2023-09-14 03:00:00,1599.29,1602.88,1595.07,1599.23,313702,31370.2,50176917.099,1,1694631600000
2023-09-14 02:00:00,1597.56,1602.46,1596.96,1599.29,256960,25696,41118328.789,1,1694628000000
2023-09-14 01:00:00,1609.24,1611.26,1596.35,1597.55,1144334,114433.4,183415656.497,1,1694624400000
2023-09-14 00:00:00,1608.02,1615.84,1605.7,1609.24,868170,86817,139899782.731,1,1694620800000
2023-09-13 23:00:00,1603.72,1619.14,1602.02,1608.01,1368816,136881.6,220562096.952,1,1694617200000
2023-09-13 22:00:00,1595.26,1611.81,1592.3,1603.72,1386411,138641.1,222430222.219,1,1694613600000
2023-09-13 21:00:00,1601,1602,1592.03,1595.27,672755,67275.5,107418967.923,1,1694610000000
2023-09-13 20:00:00,1604.48,1605.8,1592.2,1601,1686216,168621.6,269598675.661,1,1694606400000
2023-09-13 19:00:00,1600.03,1607.6,1597.18,1604.47,612299,61229.9,98118135.473,1,1694602800000
2023-09-13 18:00:00,1600.72,1604.19,1595.55,1600.03,911912,91191.2,145833931.553,1,1694599200000
2023-09-13 17:00:00,1592.75,1602.56,1590.7,1600.72,786881,78688.1,125698549.936,1,1694595600000
2023-09-13 16:00:00,1584.29,1594.8,1582.8,1592.75,602985,60298.5,95911564.597,1,1694592000000
2023-09-13 15:00:00,1587.59,1603.49,1582.61,1584.3,1711321,171132.1,272375501.952,1,1694588400000
2023-09-13 14:00:00,1584.48,1589.14,1581.61,1587.58,394648,39464.8,62558354.888,1,1694584800000
2023-09-13 13:00:00,1590.79,1590.99,1580.5,1584.48,692363,69236.3,109697169.377,1,1694581200000
2023-09-13 12:00:00,1589.94,1592.37,1588.09,1590.8,296952,29695.2,47231500.143,1,1694577600000
2023-09-13 11:00:00,1594.39,1595.83,1586.6,1589.95,479007,47900.7,76203789.166,1,1694574000000
2023-09-13 10:00:00,1598.92,1599.57,1593.87,1594.39,227846,22784.6,36378962.309,1,1694570400000
2023-09-13 09:00:00,1597.32,1601,1595.94,1598.92,250671,25067.1,40076516.619,1,1694566800000
2023-09-13 08:00:00,1593.2,1601.47,1589.35,1597.32,466769,46676.9,74466299.368,1,1694563200000
2023-09-13 07:00:00,1596.63,1596.98,1590.02,1593.21,488570,48857,77881913.64,1,1694559600000
2023-09-13 06:00:00,1601.16,1601.17,1595.68,1596.62,245790,24579,39279566.021,1,1694556000000
2023-09-13 05:00:00,1598.94,1604.45,1597.52,1601.16,160500,16050,25706660.516,1,1694552400000
2023-09-13 04:00:00,1598.22,1601.27,1597.06,1598.94,139252,13925.2,22274458.814,1,1694548800000
2023-09-13 03:00:00,1593.28,1610.78,1593.28,1598.24,911567,91156.7,145963640.206,1,1694545200000
2023-09-13 02:00:00,1585.84,1593.6,1583.95,1593.28,487699,48769.9,77517652.65,1,1694541600000
2023-09-13 01:00:00,1598.8,1602.59,1583.61,1585.84,1591948,159194.8,253342495.716,1,1694538000000
2023-09-13 00:00:00,1604.08,1623.53,1596.27,1598.81,2061319,206131.9,331698141.253,1,1694534400000
2023-09-12 23:00:00,1597.5,1605.8,1597.49,1604.08,527511,52751.1,84536648.104,1,1694530800000
2023-09-12 22:00:00,1608.53,1614,1594.78,1597.58,1560162,156016.2,250135464.72,1,1694527200000
2023-09-12 21:00:00,1604.86,1609.86,1595.21,1608.54,1377805,137780.5,220789330.314,1,1694523600000
2023-09-12 20:00:00,1609.95,1612.45,1604.07,1604.87,679966,67996.6,109362951.118,1,1694520000000
2023-09-12 19:00:00,1613.96,1615.8,1606.52,1609.92,739457,73945.7,119125540.381,1,1694516400000
2023-09-12 18:00:00,1589.08,1627.01,1586.45,1613.96,4216671,421667.1,678647133.181,1,1694512800000
2023-09-12 17:00:00,1577.81,1591,1576.18,1589.08,816336,81633.6,129323518.473,1,1694509200000
2023-09-12 16:00:00,1579.78,1584.54,1575.94,1577.81,438296,43829.6,69263416.716,1,1694505600000
2023-09-12 15:00:00,1578.94,1581.79,1574.07,1579.77,613274,61327.4,96793801.984,1,1694502000000
2023-09-12 14:00:00,1580.74,1585,1578.08,1578.98,579768,57976.8,91659251.237,1,1694498400000
2023-09-12 13:00:00,1582.21,1582.83,1575.52,1580.73,1010731,101073.1,159582388.07,1,1694494800000
2023-09-12 12:00:00,1584.8,1593.4,1580.72,1582.32,1174713,117471.3,186427101.824,1,1694491200000
2023-09-12 11:00:00,1557.23,1595,1557.23,1584.79,4575029,457502.9,722791810.436,1,1694487600000
2023-09-12 10:00:00,1552.68,1558.28,1552.08,1557.24,291274,29127.4,45315584.07,1,1694484000000
2023-09-12 09:00:00,1557.29,1558.32,1552.11,1552.67,321105,32110.5,49917120.804,1,1694480400000
2023-09-12 08:00:00,1551.96,1559.26,1549.7,1557.28,533887,53388.7,82975144.007,1,1694476800000
2023-09-12 07:00:00,1548.01,1552.37,1546.05,1551.96,385233,38523.3,59703508.182,1,1694473200000
2023-09-12 06:00:00,1544.2,1549.76,1543.97,1548.01,296631,29663.1,45898371.021,1,1694469600000
2023-09-12 05:00:00,1541.88,1548.71,1538.62,1544.2,427893,42789.3,66071373.587,1,1694466000000
2023-09-12 04:00:00,1539.35,1546.69,1530.56,1541.88,1230250,123025,189398085.865,1,1694462400000
2023-09-12 03:00:00,1556.28,1557.41,1531,1539.26,2300721,230072.1,355258658.686,1,1694458800000
2023-09-12 02:00:00,1564.08,1564.08,1555.01,1556.29,374688,37468.8,58437223.436,1,1694455200000
2023-09-12 01:00:00,1558.28,1564.63,1551.33,1564.07,832552,83255.2,129663920.714,1,1694451600000
2023-09-12 00:00:00,1562.28,1568.17,1557.55,1558.29,1007496,100749.6,157415673.872,1,1694448000000
2023-09-11 23:00:00,1558.96,1565.66,1550.44,1562.29,1799353,179935.3,280543250.047,1,1694444400000
2023-09-11 22:00:00,1588.01,1590,1548,1558.95,7189711,718971.1,1128073964.514,1,1694440800000
2023-09-11 21:00:00,1594,1598.62,1587.19,1588.02,1008075,100807.5,160608344.977,1,1694437200000
2023-09-11 20:00:00,1586.52,1594.89,1584.59,1594,823335,82333.5,130859434.145,1,1694433600000
2023-09-11 19:00:00,1589.43,1590.18,1585.16,1586.51,474187,47418.7,75297760.825,1,1694430000000
2023-09-11 18:00:00,1593.88,1594.42,1573.15,1589.42,2472352,247235.2,392084959.395,1,1694426400000
2023-09-11 17:00:00,1607,1608.55,1578.76,1593.88,3026726,302672.6,482127170.046,1,1694422800000
2023-09-11 16:00:00,1612.2,1612.71,1603.5,1607.09,924603,92460.3,148622820.818,1,1694419200000
2023-09-11 15:00:00,1615.52,1616.02,1611,1612.2,296130,29613,47771334.005,1,1694415600000
2023-09-11 14:00:00,1617.63,1618.48,1614.43,1615.51,385304,38530.4,62277951.473,1,1694412000000
2023-09-11 13:00:00,1612.21,1617.91,1611.5,1617.64,404210,40421,65266517.455,1,1694408400000
2023-09-11 12:00:00,1612.59,1612.59,1608.04,1612.23,355330,35533,57222343.927,1,1694404800000
2023-09-11 11:00:00,1612.84,1615.16,1612.25,1612.59,165101,16510.1,26638686.912,1,1694401200000
2023-09-11 10:00:00,1608.86,1613.09,1606.71,1612.84,260252,26025.2,41915817.964,1,1694397600000
2023-09-11 09:00:00,1609.89,1612.93,1606.14,1608.87,460098,46009.8,74070530.433,1,1694394000000
2023-09-11 08:00:00,1617.05,1619,1603,1609.89,1106946,110694.6,178292407.797,1,1694390400000
2023-09-11 07:00:00,1619.31,1620.24,1616.14,1617.04,221518,22151.8,35844900.028,1,1694386800000
2023-09-11 06:00:00,1623.79,1627.41,1619.2,1619.31,346706,34670.6,56277034.292,1,1694383200000
2023-09-11 05:00:00,1619.39,1628.88,1619.05,1623.8,403159,40315.9,65478765.323,1,1694379600000
2023-09-11 04:00:00,1617.34,1627,1614.57,1619.39,1120655,112065.5,181673608.263,1,1694376000000
2023-09-11 03:00:00,1612.55,1620.16,1601.43,1617.34,1014133,101413.3,163383520.814,1,1694372400000
2023-09-11 02:00:00,1608.76,1614.34,1608.16,1612.54,360975,36097.5,58196861.453,1,1694368800000
2023-09-11 01:00:00,1613.81,1614.27,1602.01,1608.76,965260,96526,155149125.222,1,1694365200000
2023-09-11 00:00:00,1619.87,1620.49,1588.74,1613.92,2185994,218599.4,351248090.469,1,1694361600000
2023-09-10 23:00:00,1622.29,1622.3,1609,1619.86,1311493,131149.3,211927837.59,1,1694358000000
2023-09-10 22:00:00,1626.99,1627.6,1620.7,1622.29,449863,44986.3,73037984.842,1,1694354400000
2023-09-10 21:00:00,1626,1628.77,1623.71,1626.99,362049,36204.9,58878776.324,1,1694350800000
2023-09-10 20:00:00,1624.41,1627,1624.17,1626,225461,22546.1,36654851.439,1,1694347200000
2023-09-10 19:00:00,1621.85,1627.13,1619.21,1624.42,489617,48961.7,79503190.304,1,1694343600000
2023-09-10 18:00:00,1623.4,1623.8,1621.52,1621.85,205582,20558.2,33360297.266,1,1694340000000
2023-09-10 17:00:00,1625.68,1626.88,1622.04,1623.41,166389,16638.9,27029310.47,1,1694336400000
2023-09-10 16:00:00,1624.94,1626,1622.8,1625.67,242876,24287.6,39444460.457,1,1694332800000
2023-09-10 15:00:00,1626.83,1627.4,1624.62,1624.94,108290,10829,17608261.689,1,1694329200000
2023-09-10 14:00:00,1626.12,1628.19,1625.84,1626.83,228125,22812.5,37121989.281,1,1694325600000
2023-09-10 13:00:00,1625.39,1626.6,1623.3,1626.12,244004,24400.4,39651277.549,1,1694322000000
2023-09-10 12:00:00,1631.3,1631.31,1617.77,1625.4,1375170,137517,223231958.898,1,1694318400000
2023-09-10 11:00:00,1631.19,1632.32,1629.9,1631.31,148045,14804.5,24146728.846,1,1694314800000
2023-09-10 10:00:00,1631.35,1631.86,1630.11,1631.19,119269,11926.9,19452925.404,1,1694311200000
2023-09-10 09:00:00,1632.39,1632.4,1626.56,1631.34,395333,39533.3,64434500.885,1,1694307600000
2023-09-10 08:00:00,1635.41,1635.68,1630.66,1632.4,302037,30203.7,49302484.644,1,1694304000000
2023-09-10 07:00:00,1635.41,1635.94,1634.45,1635.41,33373,3337.3,5456340.063,1,1694300400000
2023-09-10 06:00:00,1635.67,1637.03,1635.07,1635.5,121715,12171.5,19914914.533,1,1694296800000
2023-09-10 05:00:00,1633.78,1635.95,1633.65,1635.67,49927,4992.7,8163556.842,1,1694293200000
2023-09-10 04:00:00,1634.2,1634.94,1633.77,1633.78,31639,3163.9,5170542.236,1,1694289600000
2023-09-10 03:00:00,1633.41,1634.5,1632.81,1634.2,40188,4018.8,6565683.15,1,1694286000000
2023-09-10 02:00:00,1634.55,1634.56,1632.5,1633.41,77548,7754.8,12666504.454,1,1694282400000
2023-09-10 01:00:00,1635.73,1636,1633.87,1634.55,59167,5916.7,9672659.785,1,1694278800000
2023-09-10 00:00:00,1635.31,1637.66,1634.76,1635.73,150763,15076.3,24662709.035,1,1694275200000
2023-09-09 23:00:00,1632.9,1637.72,1632.9,1635.31,399287,39928.7,65317820.128,1,1694271600000
2023-09-09 22:00:00,1631.44,1633.75,1630.01,1632.91,183864,18386.4,30002850.095,1,1694268000000
2023-09-09 21:00:00,1634.61,1634.62,1630.17,1631.44,317909,31790.9,51891703.688,1,1694264400000
2023-09-09 20:00:00,1635.15,1635.87,1634.35,1634.6,85573,8557.3,13991854.004,1,1694260800000
2023-09-09 19:00:00,1634.52,1636,1633.61,1635.15,108049,10804.9,17665240.02,1,1694257200000
2023-09-09 18:00:00,1634.74,1635.24,1633.6,1634.53,119444,11944.4,19520725.149,1,1694253600000
2023-09-09 17:00:00,1634.2,1636.11,1633.41,1634.74,120479,12047.9,19698411.882,1,1694250000000
2023-09-09 16:00:00,1634.36,1635.21,1633.41,1634.2,132974,13297.4,21731376.125,1,1694246400000
2023-09-09 15:00:00,1635.58,1636.09,1633.73,1634.36,102583,10258.3,16771274.766,1,1694242800000
2023-09-09 14:00:00,1632.59,1635.58,1632.05,1635.57,102577,10257.7,16756692.35,1,1694239200000
2023-09-09 13:00:00,1633.38,1634.86,1632.06,1632.59,126621,12662.1,20686649.398,1,1694235600000
2023-09-09 12:00:00,1634.4,1634.41,1631.76,1633.38,151703,15170.3,24775998.882,1,1694232000000
2023-09-09 11:00:00,1635.41,1635.42,1633.28,1634.4,122808,12280.8,20067553.318,1,1694228400000
2023-09-09 10:00:00,1635.77,1636.18,1634.74,1635.41,107541,10754.1,17585949.237,1,1694224800000
2023-09-09 09:00:00,1634.72,1636.36,1634.51,1635.77,118167,11816.7,19324195.328,1,1694221200000
2023-09-09 08:00:00,1636.27,1636.76,1634.58,1634.71,143307,14330.7,23442992.242,1,1694217600000
2023-09-09 07:00:00,1635.86,1639.7,1634.84,1636.27,222939,22293.9,36505287.014,1,1694214000000
2023-09-09 06:00:00,1634.26,1636.29,1634.26,1635.86,63658,6365.8,10410394.057,1,1694210400000
2023-09-09 05:00:00,1637.08,1637.83,1634.12,1634.26,184282,18428.2,30150632.788,1,1694206800000
2023-09-09 04:00:00,1634.42,1637.97,1633,1637.07,282505,28250.5,46207987.394,1,1694203200000
2023-09-09 03:00:00,1627.78,1635.37,1626.76,1634.42,382665,38266.5,62476868.157,1,1694199600000
2023-09-09 02:00:00,1630.2,1631.2,1626.27,1627.78,144138,14413.8,23475422.376,1,1694196000000
2023-09-09 01:00:00,1628.12,1630.77,1625.33,1630.21,225906,22590.6,36791300.209,1,1694192400000
2023-09-09 00:00:00,1628.43,1631.37,1624.55,1628.13,527549,52754.9,85885369.198,1,1694188800000
2023-09-08 23:00:00,1629.32,1632.71,1626.79,1628.44,405122,40512.2,66006351.002,1,1694185200000
2023-09-08 22:00:00,1631.25,1633.99,1629.25,1629.33,303684,30368.4,49554785.631,1,1694181600000
2023-09-08 21:00:00,1628.56,1635,1628.01,1631.25,587941,58794.1,95962374.316,1,1694178000000
2023-09-08 20:00:00,1626,1631.96,1624.5,1628.56,455629,45562.9,74189643.121,1,1694174400000
2023-09-08 19:00:00,1626.89,1628.62,1624.77,1626,344648,34464.8,56052194.017,1,1694170800000
2023-09-08 18:00:00,1635.54,1635.56,1616,1626.89,3274612,327461.2,531789495.992,1,1694167200000
2023-09-08 17:00:00,1645.52,1645.52,1633.11,1635.6,902838,90283.8,148093381.638,1,1694163600000
2023-09-08 16:00:00,1646.87,1647.63,1643.68,1645.52,225032,22503.2,37025448.786,1,1694160000000
2023-09-08 15:00:00,1645.76,1648.81,1645.06,1646.87,255145,25514.5,42023781.257,1,1694156400000
2023-09-08 14:00:00,1645.59,1646.68,1643.33,1645.75,315518,31551.8,51908281.886,1,1694152800000
2023-09-08 13:00:00,1651.6,1653.36,1645.55,1645.58,650961,65096.1,107401583.217,1,1694149200000
2023-09-08 12:00:00,1646.56,1653.56,1646.03,1651.6,440644,44064.4,72688000.693,1,1694145600000
2023-09-08 11:00:00,1645.72,1647.35,1644.47,1646.63,169669,16966.9,27927856.237,1,1694142000000
2023-09-08 10:00:00,1647.28,1647.96,1644.09,1645.72,305950,30595,50362549.205,1,1694138400000
2023-09-08 09:00:00,1654.75,1657.25,1647.02,1647.28,458297,45829.7,75684761.278,1,1694134800000
2023-09-08 08:00:00,1647.66,1659.19,1644.83,1654.74,714321,71432.1,117986161.808,1,1694131200000
2023-09-08 07:00:00,1649.97,1652.15,1644.07,1647.67,472940,47294,77897788.088,1,1694127600000
2023-09-08 06:00:00,1645.92,1654.55,1645.92,1649.98,663232,66323.2,109481463.235,1,1694124000000
2023-09-08 05:00:00,1638.64,1659.86,1638.64,1645.92,2317977,231797.7,382485337.462,1,1694120400000
2023-09-08 04:00:00,1637.21,1639.58,1635.7,1638.77,347441,34744.1,56898269.625,1,1694116800000
2023-09-08 03:00:00,1636.4,1638,1632.72,1637.27,261166,26116.6,42718550.723,1,1694113200000
2023-09-08 02:00:00,1638.91,1641.18,1634.24,1636.43,339054,33905.4,55529549.495,1,1694109600000
2023-09-08 01:00:00,1634.19,1640,1631.16,1638.91,450208,45020.8,73629979.716,1,1694106000000
2023-09-08 00:00:00,1630.87,1641.65,1630.07,1634.19,885411,88541.1,144847118.242,1,1694102400000
2023-09-07 23:00:00,1632.79,1634.36,1629,1630.87,567446,56744.6,92591513.736,1,1694098800000
2023-09-07 22:00:00,1626.24,1632.8,1623.48,1632.79,709938,70993.8,115602831.528,1,1694095200000
2023-09-07 21:00:00,1626.48,1634.17,1625.1,1626.25,585403,58540.3,95360618.207,1,1694091600000
2023-09-07 20:00:00,1627.82,1630.2,1624.19,1626.48,454929,45492.9,74026025.477,1,1694088000000
2023-09-07 19:00:00,1631.27,1632.1,1626.35,1627.81,391517,39151.7,63770548.95,1,1694084400000
2023-09-07 18:00:00,1632.27,1633.58,1629.46,1631.28,286543,28654.3,46743241.226,1,1694080800000
2023-09-07 17:00:00,1633.71,1634.88,1631.52,1632.27,191907,19190.7,31341280.789,1,1694077200000
2023-09-07 16:00:00,1635.83,1635.95,1632.25,1633.71,317032,31703.2,51794412.746,1,1694073600000
2023-09-07 15:00:00,1637.35,1637.65,1635.47,1635.83,160872,16087.2,26324951.573,1,1694070000000
2023-09-07 14:00:00,1638.17,1639.16,1636.87,1637.35,143905,14390.5,23570381.44,1,1694066400000
2023-09-07 13:00:00,1639.03,1640.5,1637.37,1638.17,142961,14296.1,23427997.883,1,1694062800000
2023-09-07 12:00:00,1639.96,1642.33,1637.28,1639.03,518041,51804.1,84933914.597,1,1694059200000
2023-09-07 11:00:00,1634.11,1640.57,1633.45,1639.96,489137,48913.7,80078638.456,1,1694055600000
2023-09-07 10:00:00,1633.97,1638.8,1632.5,1634.08,605053,60505.3,98981347.148,1,1694052000000
2023-09-07 09:00:00,1633.81,1634.44,1631.7,1633.97,134761,13476.1,22010077.02,1,1694048400000
2023-09-07 08:00:00,1633.08,1633.82,1631.9,1633.81,101107,10110.7,16509080.299,1,1694044800000
2023-09-07 07:00:00,1631.65,1634.68,1631.02,1633.08,115797,11579.7,18909127.956,1,1694041200000
2023-09-07 06:00:00,1632.26,1635.25,1631.42,1631.64,150813,15081.3,24633234.928,1,1694037600000
2023-09-07 05:00:00,1628.78,1633.62,1627.55,1632.25,138281,13828.1,22556770.016,1,1694034000000
2023-09-07 04:00:00,1631.7,1634.04,1628.55,1628.84,300139,30013.9,48966256.412,1,1694030400000
2023-09-07 03:00:00,1628.39,1633.54,1626.23,1631.7,354106,35410.6,57742569.326,1,1694026800000
2023-09-07 02:00:00,1646.63,1655.92,1623.58,1628.36,2547783,254778.3,417615985.832,1,1694023200000
2023-09-07 01:00:00,1623.6,1673.49,1608.23,1646.71,5311072,531107.2,869666381.27,1,1694019600000
2023-09-07 00:00:00,1623.47,1626.02,1622,1623.6,368962,36896.2,59913392.959,1,1694016000000
2023-09-06 23:00:00,1624.18,1627.49,1619.44,1623.47,556494,55649.4,90369120.622,1,1694012400000
2023-09-06 22:00:00,1632.5,1632.5,1619,1624.19,1818786,181878.6,295431144.736,1,1694008800000
2023-09-06 21:00:00,1632.45,1635.74,1629.88,1632.5,422549,42254.9,68978614.216,1,1694005200000
2023-09-06 20:00:00,1632.5,1634.81,1630.94,1632.45,201489,20148.9,32897986.713,1,1694001600000
2023-09-06 19:00:00,1631.49,1636.6,1631.08,1632.49,328880,32888,53728303.292,1,1693998000000
2023-09-06 18:00:00,1632.2,1634.36,1630.98,1631.49,210343,21034.3,34343540.465,1,1693994400000
2023-09-06 17:00:00,1631.31,1633.34,1629,1632.2,216359,21635.9,35298038.765,1,1693990800000
2023-09-06 16:00:00,1629,1632.31,1628.57,1631.3,170488,17048.8,27793438.041,1,1693987200000
2023-09-06 15:00:00,1630.7,1631.58,1629,1629.01,160959,16095.9,26239358.932,1,1693983600000
2023-09-06 14:00:00,1628.99,1631.69,1628,1630.71,307458,30745.8,50114430.378,1,1693980000000
2023-09-06 13:00:00,1631.03,1631.95,1628.51,1628.99,304746,30474.6,49662466.297,1,1693976400000
2023-09-06 12:00:00,1633.55,1634.03,1630.31,1631.04,296099,29609.9,48339623.586,1,1693972800000
2023-09-06 11:00:00,1639.08,1640.34,1633.5,1633.55,321562,32156.2,52635069.912,1,1693969200000
2023-09-06 10:00:00,1633.64,1640,1633,1639.08,273859,27385.9,44834542.381,1,1693965600000
2023-09-06 09:00:00,1633.94,1635.97,1633.11,1633.63,110710,11071,18093838.885,1,1693962000000
2023-09-06 08:00:00,1634.78,1635.68,1631.8,1633.93,202642,20264.2,33104973.9,1,1693958400000
2023-09-06 07:00:00,1632.07,1634.84,1631.85,1634.78,102709,10270.9,16777271.247,1,1693954800000
2023-09-06 06:00:00,1630.61,1632.39,1630.21,1632.07,88197,8819.7,14388047.782,1,1693951200000
2023-09-06 05:00:00,1629.98,1634.05,1629.77,1630.61,147675,14767.5,24095374.784,1,1693947600000
2023-09-06 04:00:00,1632.4,1633.64,1626.56,1629.98,427364,42736.4,69651304.208,1,1693944000000
2023-09-06 03:00:00,1636.87,1639.35,1632.22,1632.36,139662,13966.2,22847362.33,1,1693940400000
2023-09-06 02:00:00,1636.16,1637.98,1633.3,1636.88,151050,15105,24703616.006,1,1693936800000
2023-09-06 01:00:00,1636.36,1639.15,1634.22,1636.16,269473,26947.3,44086758.314,1,1693933200000
2023-09-06 00:00:00,1636.62,1643.44,1635.6,1636.36,501240,50124,82153446.613,1,1693929600000
2023-09-05 23:00:00,1630.54,1648.65,1630.5,1636.62,2133993,213399.3,349905902.046,1,1693926000000
2023-09-05 22:00:00,1630.79,1633.43,1626,1630.53,652176,65217.6,106263033.927,1,1693922400000
2023-09-05 21:00:00,1637.6,1639.17,1630.4,1630.79,525889,52588.9,85946660.166,1,1693918800000
2023-09-05 20:00:00,1635.21,1639.87,1629.79,1637.6,763784,76378.4,124898987.062,1,1693915200000
2023-09-05 19:00:00,1633.19,1636.61,1631.79,1635.2,302255,30225.5,49385302.818,1,1693911600000
2023-09-05 18:00:00,1632,1638.88,1631.63,1633.22,649952,64995.2,106242628.192,1,1693908000000
2023-09-05 17:00:00,1624.43,1636.6,1623.77,1631.92,964162,96416.2,157190808.785,1,1693904400000
2023-09-05 16:00:00,1624.76,1628.88,1620.52,1624.43,445934,44593.4,72432726.346,1,1693900800000
2023-09-05 15:00:00,1621.93,1626.15,1621.37,1624.76,211821,21182.1,34396631.294,1,1693897200000
2023-09-05 14:00:00,1625.19,1625.19,1621.18,1621.93,388806,38880.6,63109311.535,1,1693893600000
2023-09-05 13:00:00,1622.12,1627.54,1621.3,1625.19,536402,53640.2,87112152.887,1,1693890000000
2023-09-05 12:00:00,1618.24,1623.32,1618.15,1622.19,517100,51710,83798760.322,1,1693886400000
2023-09-05 11:00:00,1618.54,1619.08,1609.41,1618.24,1413221,141322.1,228129802.336,1,1693882800000
2023-09-05 10:00:00,1623.5,1624.22,1618.25,1618.53,504326,50432.6,81744778.466,1,1693879200000
2023-09-05 09:00:00,1626.11,1627.1,1623.04,1623.49,214921,21492.1,34932874.193,1,1693875600000
2023-09-05 08:00:00,1630.65,1631.48,1624.94,1626,350965,35096.5,57137517.518,1,1693872000000
2023-09-05 07:00:00,1624.39,1633,1623.62,1630.65,645027,64502.7,105063959.277,1,1693868400000
2023-09-05 06:00:00,1621.19,1624.65,1616.19,1624.4,446883,44688.3,72429201.337,1,1693864800000
2023-09-05 05:00:00,1628.55,1629.16,1618.66,1621.2,602878,60287.8,97886866.184,1,1693861200000
2023-09-05 04:00:00,1631.23,1632.37,1626.61,1628.55,252004,25200.4,41044985.269,1,1693857600000
2023-09-05 03:00:00,1631.01,1632.5,1627.57,1631.24,176907,17690.7,28830008.331,1,1693854000000
2023-09-05 02:00:00,1630.68,1633.15,1629.39,1631.08,120010,12001,19571957.902,1,1693850400000
2023-09-05 01:00:00,1628.96,1636.25,1627.67,1630.67,392775,39277.5,64125452.001,1,1693846800000
2023-09-05 00:00:00,1626.39,1629.75,1625.67,1628.82,326542,32654.2,53154873.418,1,1693843200000
2023-09-04 23:00:00,1629.57,1634.77,1618.03,1626.4,2124097,212409.7,345193618.098,1,1693839600000
2023-09-04 22:00:00,1632.6,1634.17,1628.19,1629.58,278070,27807,45357006.544,1,1693836000000
2023-09-04 21:00:00,1630.81,1635.29,1629.91,1632.6,336674,33667.4,54983190.077,1,1693832400000
2023-09-04 20:00:00,1632.35,1633.75,1628.05,1630.81,713199,71319.9,116321125.334,1,1693828800000
2023-09-04 19:00:00,1635.41,1636.48,1631.38,1632.35,415058,41505.8,67797980.804,1,1693825200000
2023-09-04 18:00:00,1637.51,1637.77,1633.88,1635.41,415614,41561.4,67993826.425,1,1693821600000
2023-09-04 17:00:00,1639.28,1640.48,1635.1,1637.52,283628,28362.8,46448457.497,1,1693818000000
2023-09-04 16:00:00,1639.01,1640.79,1638.09,1639.29,148733,14873.3,24386179.577,1,1693814400000
2023-09-04 15:00:00,1637.41,1640.48,1637.4,1639,187400,18740,30715357.297,1,1693810800000
2023-09-04 14:00:00,1635.48,1638.88,1634.68,1637.4,233740,23374,38263040.624,1,1693807200000
2023-09-04 13:00:00,1638.25,1639.68,1635.16,1635.48,162320,16232,26568968.767,1,1693803600000
2023-09-04 12:00:00,1637.68,1639.91,1637.13,1638.25,134262,13426.2,21997659.238,1,1693800000000
2023-09-04 11:00:00,1638.74,1644.92,1637.5,1637.68,520081,52008.1,85335791.468,1,1693796400000
2023-09-04 10:00:00,1633.43,1641.51,1632.75,1638.74,254659,25465.9,41681453.757,1,1693792800000
2023-09-04 09:00:00,1635.2,1636.68,1632.14,1633.39,171146,17114.6,27962324.435,1,1693789200000
2023-09-04 08:00:00,1635.9,1637.01,1634.24,1635.2,117340,11734,19190811.93,1,1693785600000
2023-09-04 07:00:00,1635.91,1637.44,1634.13,1635.9,107150,10715,17527489.057,1,1693782000000
2023-09-04 06:00:00,1637.03,1638.08,1633.42,1635.91,190382,19038.2,31149713.516,1,1693778400000
2023-09-04 05:00:00,1642.94,1646.16,1635.82,1637.02,325332,32533.2,53366051.67,1,1693774800000
2023-09-04 04:00:00,1638.7,1648.88,1636.5,1642.94,565686,56568.6,92931975.626,1,1693771200000
2023-09-04 03:00:00,1636.89,1640.22,1635.26,1638.69,280386,28038.6,45910923.196,1,1693767600000
2023-09-04 02:00:00,1631.56,1644,1631,1636.89,821348,82134.8,134566819.634,1,1693764000000
2023-09-04 01:00:00,1627.69,1632.66,1626.68,1631.56,252942,25294.2,41210839.64,1,1693760400000
2023-09-04 00:00:00,1632.85,1634.81,1624.35,1627.7,650360,65036,105919206.407,1,1693756800000
2023-09-03 23:00:00,1636.2,1636.4,1631,1632.85,261805,26180.5,42766512.522,1,1693753200000
2023-09-03 22:00:00,1633.74,1638.37,1633.42,1636.19,257314,25731.4,42101516.233,1,1693749600000
2023-09-03 21:00:00,1632.29,1636.5,1628.07,1633.75,624665,62466.5,101947414.544,1,1693746000000
2023-09-03 20:00:00,1634.36,1640.84,1631.22,1632.3,821748,82174.8,134469074.741,1,1693742400000
2023-09-03 19:00:00,1634.56,1634.96,1633.27,1634.37,55282,5528.2,9034181.568,1,1693738800000
2023-09-03 18:00:00,1633.29,1634.81,1632.51,1634.56,97213,9721.3,15879253.792,1,1693735200000
2023-09-03 17:00:00,1632.46,1634.77,1631.89,1633.29,126769,12676.9,20706167.97,1,1693731600000
2023-09-03 16:00:00,1635.38,1635.91,1631.2,1632.47,260038,26003.8,42460238.114,1,1693728000000
2023-09-03 15:00:00,1636.15,1636.35,1633.59,1635.38,124709,12470.9,20391358.931,1,1693724400000
2023-09-03 14:00:00,1635.9,1638.77,1635.43,1636.15,141062,14106.2,23092622.831,1,1693720800000
2023-09-03 13:00:00,1635.26,1637.47,1634.43,1635.92,101771,10177.1,16647406.468,1,1693717200000
2023-09-03 12:00:00,1636.16,1636.35,1634.65,1635.26,60045,6004.5,9821492.478,1,1693713600000
2023-09-03 11:00:00,1634.42,1636.17,1633.48,1636.16,83491,8349.1,13648862.878,1,1693710000000
2023-09-03 10:00:00,1633.66,1634.79,1631.31,1634.42,176725,17672.5,28859405.39,1,1693706400000
2023-09-03 09:00:00,1635.39,1636.52,1633.34,1633.67,126404,12640.4,20663498.273,1,1693702800000
2023-09-03 08:00:00,1637.28,1637.81,1631.89,1635.39,242918,24291.8,39714760.701,1,1693699200000
2023-09-03 07:00:00,1637.07,1639.35,1636.45,1637.28,64552,6455.2,10571956.342,1,1693695600000
2023-09-03 06:00:00,1636.38,1637.72,1635.61,1637.02,73533,7353.3,12035799.841,1,1693692000000
2023-09-03 05:00:00,1634.1,1639.92,1633.61,1636.38,235571,23557.1,38566073.365,1,1693688400000
2023-09-03 04:00:00,1633.53,1634.71,1632.8,1634.09,73569,7356.9,12018391.759,1,1693684800000
2023-09-03 03:00:00,1631.9,1634.98,1631.06,1633.53,186490,18649,30459345.294,1,1693681200000
2023-09-03 02:00:00,1633.09,1634.13,1628,1631.9,528107,52810.7,86131328.071,1,1693677600000
2023-09-03 01:00:00,1636,1638.36,1632.21,1633.1,310067,31006.7,50696806.132,1,1693674000000
2023-09-03 00:00:00,1638.88,1641,1635.42,1636.01,314149,31414.9,51452524.374,1,1693670400000
2023-09-02 23:00:00,1637.71,1645.97,1637.21,1638.88,829968,82996.8,136269150.675,1,1693666800000
2023-09-02 22:00:00,1636.51,1639.91,1635.12,1637.71,221769,22176.9,36315023.85,1,1693663200000
2023-09-02 21:00:00,1634.96,1639.74,1633.45,1636.51,421149,42114.9,68935191.902,1,1693659600000
2023-09-02 20:00:00,1634.57,1635.69,1633.48,1634.97,120302,12030.2,19661774.681,1,1693656000000
2023-09-02 19:00:00,1634.33,1637,1633.48,1634.57,224948,22494.8,36773363.507,1,1693652400000
2023-09-02 18:00:00,1633.6,1636.57,1632.95,1634.32,238584,23858.4,38995148.227,1,1693648800000
2023-09-02 17:00:00,1631.09,1634.77,1630.4,1633.6,193016,19301.6,31513629.005,1,1693645200000
